house_committee_id,name,parent,pastNames,senate_committee_id,thomas_id,type
AH,House Committee on Energy (Ad Hoc),,{'Energy (Ad Hoc)': [95]},,HHAH,house
CQ,House Committee on Committees (Select),,"{'Committees (Select)': [93, 96]}",,HLCQ,house
OC,House Committee on Outer Continental Shelf (Select),,"{'Outer Continental Shelf (Select)': [94, 95]}",,HLOC,house
AT,House Committee on Joint Atomic Energy,,"{'Joint Atomic Energy': [93, 94]}",,HSAT,house
DT,House Committee on District of Columbia,,"{'District of Columbia': [93, 94, 95, 96, 97, 98, 99, 100, 101, 102, 103]}",,HSDT,house
,Fiscal Affairs and Health,House Committee on District of Columbia,"{'Fiscal Affairs and Health': [97, 98, 99, 100, 101, 102, 103]}",,01,
,Government Operations and Metropolitan Affairs,House Committee on District of Columbia,"{'Government Operations and Metropolitan Affairs': [97, 98, 99, 100, 101, 102, 103]}",,02,
,Judiciary and Education,House Committee on District of Columbia,"{'Judiciary and Education': [98, 99, 100, 101, 102, 103]}",,03,
GW,House Select Committee on Energy Independence and Global Warming,,"{'House Select Committee on Energy Independence and Global Warming': [110, 111]}",,HSGW,house
MM,House Committee on Merchant Marine and Fisheries,,"{'Merchant Marine and Fisheries': [93, 94, 95, 96, 97, 98, 99, 100, 101, 102, 103]}",,HSMM,house
,Coast Guard and Navigation,House Committee on Merchant Marine and Fisheries,"{'Coast Guard and Navigation': [97, 98, 99, 100, 101, 102, 103]}",,01,
,Fisheries and Wildlife Conservation and the Environment,House Committee on Merchant Marine and Fisheries,"{'Fisheries and Wildlife Conservation and the Environment': [97, 98, 99, 100, 101, 102]}",,02,
,Merchant Marine,House Committee on Merchant Marine and Fisheries,"{'Merchant Marine': [97, 98, 99, 100, 101, 102, 103]}",,06,
,Oceanography,House Committee on Merchant Marine and Fisheries,"{'Oceanography': [97, 98, 99, 100, 101]}",,04,
,Panama Canal and Outer Continental Shelf,House Committee on Merchant Marine and Fisheries,"{'Panama Canal and Outer Continental Shelf': [97, 98, 99, 100, 101]}",,05,
,"Oceanography, Great Lakes and the Outer Continental Shelf",House Committee on Merchant Marine and Fisheries,"{'Oceanography, Great Lakes and the Outer Continental Shelf': [102], 'Oceanography, Gulf of Mexico and the Outer Continental Shelf': [103]}",,08,
,Environment and Natural Resources,House Committee on Merchant Marine and Fisheries,{'Environment and Natural Resources': [103]},,22,
,Fisheries Management,House Committee on Merchant Marine and Fisheries,{'Fisheries Management': [103]},,23,
PO,House Committee on Post Office and Civil Service,,"{'Post Office and Civil Service': [93, 94, 95, 96, 97, 98, 99, 100, 101, 102, 103]}",,HSPO,house
,Census and Population,House Committee on Post Office and Civil Service,"{'Census and Population': [97, 98, 99, 100, 101, 102]}",,01,
,Civil Service,House Committee on Post Office and Civil Service,"{'Civil Service': [97, 98, 99, 100, 101, 102, 103]}",,03,
,Compensation and Employee Benefits,House Committee on Post Office and Civil Service,"{'Compensation and Employee Benefits': [97, 98, 99, 100, 101, 102, 103]}",,02,
,Human Resources,House Committee on Post Office and Civil Service,"{'Human Resources': [97, 98, 99, 100, 101, 102]}",,04,
,Postal Operations and Services,House Committee on Post Office and Civil Service,"{'Postal Operations and Services': [97, 98, 99, 100, 101, 102, 103]}",,06,
,Postal Personnel and Modernization,House Committee on Post Office and Civil Service,"{'Postal Personnel and Modernization': [97, 98, 99, 100, 101, 102]}",,05,
,Ad Hoc Task Force on Presidential Pay Recommendation,House Committee on Post Office and Civil Service,{'Ad Hoc Task Force on Presidential Pay Recommendation': [100]},,08,
,"Census, Statistics and Postal Personnel",House Committee on Post Office and Civil Service,"{'Census, Statistics and Postal Personnel': [103]}",,09,
SO,House Committee on Standards of Official Conduct,,"{'Standards of Official Conduct': [93, 94, 95, 96, 98, 100, 101, 102, 103, 104, 105, 107, 108, 109, 110, 111], 'Ethics': [112, 113, 114]}",,HSSO,house
UA,House Committee on Internal Security,,{'Internal Security': [93]},,HSUA,house
DE,Temporary Joint Committee on Deficit Reduction,,{'Temporary Joint Committee on Deficit Reduction': [99]},,HTDE,house
,Senate Committee on POW/MIA Affairs,,{'POW/MIA Affairs': [102]},SLPO,SLPO,senate
,Senate Committee on Impeachment (Special) (Hastings),,{'Impeachment (Special) (Hastings)': [101]},SPIM,SPIM,senate
,Senate Committee on Official Conduct (Special),,{'Official Conduct (Special)': [95]},SPOC,SPOC,senate
,Senate Committee on Whitewater Dev Corp Investigation (Special),,{'Whitewater Dev Corp Investigation (Special)': [104]},SPWW,SPWW,senate
,Senate Committee on Aeronautical and Space Sciences,,"{'Aeronautical and Space Sciences': [93, 94, 95]}",SSAE,SSAE,senate
,Senate Committee on District of Columbia,,"{'District of Columbia': [93, 94]}",SSDT,SSDT,senate
,Senate Committee on Post Office and Civil Service,,"{'Post Office and Civil Service': [93, 94]}",SSPO,SSPO,senate
,Joint Atomic Energy,,"{'Joint Atomic Energy': [93, 94, 95]}",,JSAT,senate
,House Committee on Ethics (Select),,{'Ethics (Select)': [95]},,HLET,house
,Temporary Joint Committee on Deficit Reduction,,"{'Temporary Joint Committee on Deficit Reduction': [99, 100]}",,JTDR,senate
,House Committee on Agriculture,,"{'Agriculture': [93, 94, 95, 96, 97, 98, 99, 100, 101, 102, 103, 104, 105, 106, 107, 108, 109, 110, 111, 112, 113, 114]}",,HSAG,house
,"Conservation, Credit, and Rural Development",House Committee on Agriculture,"{'Conservation, Credit, and Rural Development': [97, 98, 99, 100, 101, 102], 'Environment, Credit and Rural Development': [103]}",,01,
,"Cotton, Rice, and Sugar",House Committee on Agriculture,"{'Cotton, Rice, and Sugar': [97, 98, 99, 100, 101, 102]}",,02,
,"Department Operations, Research, and Foreign Agriculture",House Committee on Agriculture,"{'Department Operations, Research, and Foreign Agriculture': [97, 98, 99, 100, 101, 102]}",,04,
,"Domestic Marketing, Consumer Relations, and Nutrition",House Committee on Agriculture,"{'Domestic Marketing, Consumer Relations, and Nutrition': [97, 98, 99, 100, 101, 102]}",,05,
,"Forests, Family Farms, and Energy",House Committee on Agriculture,"{'Forests, Family Farms, and Energy': [97, 98, 99, 100, 101, 102]}",,06,
,"Livestock, Dairy and Poultry",House Committee on Agriculture,"{'Livestock, Dairy and Poultry': [97, 98, 99, 100, 101, 102, 104, 105], 'Livestock': [103], 'Livestock and Horticulture': [106, 107, 108, 109], 'Horticulture and Organic Agriculture': [110, 111], 'Nutrition and Horticulture': [112], 'Nutrition': [114]}",,03,
,Tobacco and Peanuts,House Committee on Agriculture,"{'Tobacco and Peanuts': [97, 98, 99, 100, 101], 'Peanuts and Tobacco': [102]}",,07,
,"Wheat, Soybeans, and Feed Grains",House Committee on Agriculture,"{'Wheat, Soybeans, and Feed Grains': [97, 98, 99, 100, 101, 102]}",,08,
,Department Operations and Nutrition,House Committee on Agriculture,{'Department Operations and Nutrition': [103]},,20,
,Foreign Agriculture and Hunger,House Committee on Agriculture,{'Foreign Agriculture and Hunger': [103]},,21,
,General Farm Commodities,House Committee on Agriculture,"{'General Farm Commodities': [103, 104, 105]}",,25,
,Specialty Crops and Natural Resources,House Committee on Agriculture,"{'Specialty Crops and Natural Resources': [103], 'Risk Management and Specialty Crops': [104, 105]}",,24,
,"Department Operations, Nutrition and Foreign Agriculture",House Committee on Agriculture,"{'Department Operations, Nutrition and Foreign Agriculture': [104, 105]}",,26,
,"Resource Conservation, Research and Forestry",House Committee on Agriculture,"{'Resource Conservation, Research and Forestry': [104], 'Forestry, Resource Conservation and Research': [105]}",,27,
,"Department Operations, Oversight, Nutrition, and Forestry",House Committee on Agriculture,"{'Department Operations, Oversight, Nutrition, and Forestry': [106, 107, 108], 'Department Operations, Oversight, Dairy, Nutrition, and Forestry': [109], 'Department Operations, Oversight, Nutrition and Forestry': [110, 111], 'Department Operations, Oversight, and Credit': [112], 'Department Operations, Oversight, and Nutrition': [113], 'Commodity Exchanges, Energy, and Credit': [114]}",,22,
,"General Farm Commodities, Resource Conservation and Credit",House Committee on Agriculture,"{'General Farm Commodities, Resource Conservation and Credit': [106]}",,23,
,"Risk Management, Research and Specialty Crops",House Committee on Agriculture,"{'Risk Management, Research and Specialty Crops': [106]}",,28,
,"Conservation, Credit, Rural Development, and Research",House Committee on Agriculture,"{'Conservation, Credit, Rural Development, and Research': [107, 108, 109], 'Conservation, Credit, Energy, and Research': [110, 111], 'Conservation, Energy, and Forestry': [112, 113], 'Conservation and Forestry': [114]}",,15,
,General Farm Commodities and Risk Management,House Committee on Agriculture,"{'General Farm Commodities and Risk Management': [107, 108, 109, 110, 111, 112, 113, 114]}",,16,
,Specialty Crops and Foreign Agriculture Programs,House Committee on Agriculture,"{'Specialty Crops and Foreign Agriculture Programs': [107, 108, 109], 'Specialty Crops, Rural Development, and Foreign Agriculture': [110], 'Rural Development, Biotechnology, Specialty Crops, and Foreign Agriculture': [111], 'Rural Development, Research, Biotechnology, and Foreign Agriculture': [112], 'Horticulture, Research, Biotechnology, and Foreign Agriculture': [113], 'Biotechnology, Horticulture, and Research': [114]}",,14,
,"Livestock, Dairy, and Poultry",House Committee on Agriculture,"{'Livestock, Dairy, and Poultry': [110, 111, 112], 'Livestock, Rural Development, and Credit': [113], 'Livestock and Foreign Agriculture': [114]}",,29,
,House Committee on Appropriations,,"{'Appropriations': [93, 94, 95, 96, 97, 98, 99, 100, 101, 102, 103, 104, 105, 106, 107, 108, 109, 110, 111, 112, 113, 114]}",,HSAP,house
,"Agriculture, Rural Development and Related Agencies",House Committee on Appropriations,"{'Agriculture, Rural Development and Related Agencies': [97, 98, 99], 'Rural Development, Agriculture and Related Agencies': [100, 102], 'Agriculture, Rural Development, Food and Drug Administration, and Related Agencies': [103, 104, 105]}",,01,
,"Commerce, Justice, State, and the Judiciary",House Committee on Appropriations,"{'Commerce, Justice, State, and the Judiciary': [97], 'Commerce, Justice, State, and Judiciary': [98, 99, 102, 103, 104, 105], 'Commerce, Justice, State, the Judiciary, and Related Agencies': [100]}",,11,
,Defense,House Committee on Appropriations,"{'Defense': [97, 98, 99, 100, 102, 103], 'National Security': [104, 105]}",,02,
,District of Columbia,House Committee on Appropriations,"{'District of Columbia': [97, 98, 99, 100, 102, 103, 104, 105]}",,03,
,Energy and Water,House Committee on Appropriations,"{'Energy and Water': [97], 'Energy and Water Development': [98, 99, 100, 102, 103, 104, 105]}",,10,
,Foreign Operations,House Committee on Appropriations,"{'Foreign Operations': [97, 98, 99, 100], 'Foreign Operations, Export Financing, and Related Programs': [102, 103, 104, 105]}",,04,
,HUD-Independent Agencies,House Committee on Appropriations,"{'HUD-Independent Agencies': [97, 98, 99, 100], 'VA, HUD, and Independent Agencies': [102, 103, 104, 105]}",,05,
,Interior,House Committee on Appropriations,"{'Interior': [97, 98, 99, 102, 103, 104, 105], 'Interior and Related Agencies': [100]}",,06,
,Labor-Health and Human Services,House Committee on Appropriations,"{'Labor-Health and Human Services': [97], 'Labor-Health and Human Services-Education': [98, 99], 'Labor, Health and Human Services, Education, and Related Agencies': [100], 'Labor, Health and Human Services, and Education': [102, 103, 104, 105]}",,07,
,Legislative,House Committee on Appropriations,"{'Legislative': [97, 98, 99, 100, 102, 103, 104, 105]}",,08,
,Military Construction,House Committee on Appropriations,"{'Military Construction': [97, 98, 99, 100, 102, 103, 104, 105]}",,09,
,Transportation,House Committee on Appropriations,"{'Transportation': [97, 98, 99, 102, 103, 104, 105], 'Transportation and Related Agencies': [100]}",,12,
,Treasury-Postal Service-General Government,House Committee on Appropriations,"{'Treasury-Postal Service-General Government': [97, 98, 99, 100], 'Treasury, Postal Service, and General Government': [102, 103, 104, 105]}",,13,
,House Committee on Armed Services,,"{'Armed Services': [93, 94, 95, 96, 97, 98, 99, 100, 101, 102, 103, 106, 107, 108, 109, 110, 111, 112, 113, 114], 'National Security': [104, 105]}",,HSAS,house
,Investigations,House Committee on Armed Services,"{'Investigations': [97, 98, 99, 100, 101, 102], 'Oversight and Investigations': [103]}",,06,
,Military Installations and Facilities,House Committee on Armed Services,"{'Military Installations and Facilities': [97, 98, 99, 100, 101, 102, 103, 104, 105, 106, 107]}",,04,
,Military Personnel and Compensation,House Committee on Armed Services,"{'Military Personnel and Compensation': [97, 98, 99, 100, 101, 102], 'Military Forces and Personnel': [103], 'Military Personnel': [104, 105, 106, 107, 109, 110, 111, 112, 113, 114]}",,02,
,Procurement and Military Nuclear Systems,House Committee on Armed Services,"{'Procurement and Military Nuclear Systems': [97, 98, 99, 100, 101, 102]}",,07,
,Readiness,House Committee on Armed Services,"{'Readiness': [97, 98, 99, 100, 101, 102, 103, 108, 109, 110, 111, 112, 113, 114], 'Military Readiness': [104, 105, 106, 107]}",,03,
,Research and Development,House Committee on Armed Services,"{'Research and Development': [97, 98, 99, 100, 101, 102], 'Research and Technology': [103], 'Military Research and Development': [104, 105, 106, 107]}",,01,
,Seapower and Strategic and Critical Materials,House Committee on Armed Services,"{'Seapower and Strategic and Critical Materials': [97, 98, 99, 100, 101, 102]}",,05,
,Military Acquisition,House Committee on Armed Services,"{'Military Acquisition': [103], 'Military Procurement': [104, 105, 106, 107]}",,20,
,Projection Forces,House Committee on Armed Services,"{'Projection Forces': [108, 109]}",,30,
,Strategic Forces,House Committee on Armed Services,"{'Strategic Forces': [108, 109, 110, 111, 112, 113, 114]}",,29,
,Tactical Air and Land Forces,House Committee on Armed Services,"{'Tactical Air and Land Forces': [108, 109, 112, 113, 114], 'Air and Land Forces': [110, 111]}",,25,
,"Terrorism, Unconventional Threats and Capabilities",House Committee on Armed Services,"{'Terrorism, Unconventional Threats and Capabilities': [108, 109, 110, 111], 'Emerging Threats and Capabilities': [112, 114], 'Intelligence, Emerging Threats & Capabilities': [113]}",,26,
,Total Force,House Committee on Armed Services,{'Total Force': [108]},,27,
,Seapower and Expeditionary Forces,House Committee on Armed Services,"{'Seapower and Expeditionary Forces': [110, 111], 'Seapower and Projection Forces': [112, 113, 114]}",,28,
,House Committee on Banking and Currency,,"{'Banking and Currency': [93], 'Banking, Currency, and Housing': [94], 'Banking, Finance, and Urban Affairs': [95, 96, 97, 98, 99, 100, 101, 102, 103], 'Banking and Financial Services': [104, 105, 106], 'Financial Services': [107, 108, 109, 110, 111, 112, 113, 114]}",,HSBA,house
,Consumer Affairs and Coinage,House Committee on Banking and Currency,"{'Consumer Affairs and Coinage': [97, 98, 99, 100, 101, 102]}",,02,
,Domestic Monetary Policy,House Committee on Banking and Currency,"{'Domestic Monetary Policy': [97, 98, 99, 100, 101, 102]}",,03,
,Economic Stabilization,House Committee on Banking and Currency,"{'Economic Stabilization': [97, 98, 99, 100, 101, 102]}",,05,
,"Financial Institutions Supervision, Regulation and Insurance",House Committee on Banking and Currency,"{'Financial Institutions Supervision, Regulation and Insurance': [97, 98, 99, 100, 101, 102], 'Financial Institutions Supervision, Regulation and Deposit Insurance': [103]}",,07,
,General Oversight and Renegotiation,House Committee on Banking and Currency,"{'General Oversight and Renegotiation': [97, 98], 'General Oversight and Investigations': [99, 100], 'Oversight and Investigations': [114]}",,09,
,Housing and Community Development,House Committee on Banking and Currency,"{'Housing and Community Development': [97, 98, 99, 100, 101, 102, 103], 'Housing and Community Opportunity': [104, 105, 106, 107, 108, 109, 110, 111], 'Insurance, Housing and Community Opportunity': [112], 'Housing and Insurance': [113, 114]}",,04,
,International Development Institutions and Finance,House Committee on Banking and Currency,"{'International Development Institutions and Finance': [97, 98, 99, 100]}",,06,
,"International Trade, Investment and Monetary Policy",House Committee on Banking and Currency,"{'International Trade, Investment and Monetary Policy': [97, 98], 'International Finance, Trade and Monetary Policy': [99, 100], 'International Development, Finance, Trade and Monetary Policy': [101, 102, 103], 'Domestic and International Monetary Policy': [104, 105, 106]}",,08,
,Policy Research and Insurance,House Committee on Banking and Currency,"{'Policy Research and Insurance': [101, 102]}",,11,
,Consumer Credit and Insurance,House Committee on Banking and Currency,{'Consumer Credit and Insurance': [103]},,13,
,Economic Growth and Credit Formation,House Committee on Banking and Currency,{'Economic Growth and Credit Formation': [103]},,14,
,"Capital Markets, Insurance and Government-Sponsored Enterprises",House Committee on Banking and Currency,"{'Capital Markets, Insurance and Government-Sponsored Enterprises': [104], 'Capital Markets, Securities and Government Sponsored Enterprises': [105, 106], 'Capital Markets, Insurance and Government Sponsored Enterprises': [107, 108, 109, 110], 'Capital Markets and Government Sponsored Enterprises': [112, 113, 114]}",,16,
,Financial Institutions and Consumer Credit,House Committee on Banking and Currency,"{'Financial Institutions and Consumer Credit': [104, 105, 106, 107, 108, 109, 110, 111, 112, 113, 114]}",,15,
,"Domestic Monetary Policy, Technology, and Economic Growth",House Committee on Banking and Currency,"{'Domestic Monetary Policy, Technology, and Economic Growth': [107]}",,18,
,International Monetary Policy and Trade,House Committee on Banking and Currency,{'International Monetary Policy and Trade': [107]},,17,
,"Domestic and International Monetary Policy, Trade, and Technology",House Committee on Banking and Currency,"{'Domestic and International Monetary Policy, Trade, and Technology': [108, 109, 110], 'Domestic Monetary Policy and Technology': [112]}",,19,
,International Monetary Policy and Trade,House Committee on Banking and Currency,"{'International Monetary Policy and Trade': [111, 112], 'Monetary Policy and Trade': [114]}",,20,
,House Committee on Education and Labor,,"{'Education and Labor': [93, 94, 95, 96, 97, 98, 99, 100, 101, 102, 103, 110, 111], 'Economic and Educational Opportunities': [104], 'Education and the Workforce': [105, 106, 107, 108, 109, 112, 113, 114]}",,HSED,house
,"Elementary, Secondary, and Vocational Education",House Committee on Education and Labor,"{'Elementary, Secondary, and Vocational Education': [97, 98, 99, 100, 101, 102, 103]}",,01,
,Employment Opportunities,House Committee on Education and Labor,"{'Employment Opportunities': [97, 98, 99, 100, 101, 102]}",,06,
,Health and Safety,House Committee on Education and Labor,"{'Health and Safety': [97, 98, 99, 100, 101, 102]}",,05,
,Human Resources,House Committee on Education and Labor,"{'Human Resources': [97, 98, 99, 100, 101, 102, 103]}",,07,
,Labor Standards,House Committee on Education and Labor,"{'Labor Standards': [97, 98, 99, 100, 101, 102]}",,03,
,Labor-Management Relations,House Committee on Education and Labor,"{'Labor-Management Relations': [97, 98, 99, 100, 101, 102, 103], 'Employer-Employee Relations': [104, 105, 106, 107, 108, 109], 'Health, Employment, Labor, and Pensions': [110, 111, 112, 113, 114]}",,02,
,Postsecondary Education,House Committee on Education and Labor,"{'Postsecondary Education': [97, 98, 99, 100, 101, 102], 'Postsecondary Education and Training': [103], 'Postsecondary Education, Training and Life-Long Learning': [104, 105, 106]}",,08,
,Select Education,House Committee on Education and Labor,"{'Select Education': [97, 98, 99, 100, 101, 102, 107, 108, 109], 'Select Education and Civil Rights': [103], 'Healthy Families and Communities': [110, 111]}",,04,
,"Labor Standards, Occupational Health and Safety",House Committee on Education and Labor,"{'Labor Standards, Occupational Health and Safety': [103], 'Workforce Protections': [104, 105, 106, 107, 108, 109, 110, 111, 112, 113, 114]}",,10,
,"Early Childhood, Youth and Families",House Committee on Education and Labor,"{'Early Childhood, Youth and Families': [104, 105, 106]}",,11,
,21st Century Competitiveness,House Committee on Education and Labor,"{'21st Century Competitiveness': [107, 108, 109], 'Higher Education, Lifelong Learning, and Competitiveness': [110, 111], 'Higher Education and Workforce Training': [112, 113, 114]}",,13,
,Education Reform,House Committee on Education and Labor,"{'Education Reform': [107, 108, 109], 'Early Childhood, Elementary, and Secondary Education': [110, 111, 112, 113, 114]}",,14,
,House Committee on Foreign Affairs,,"{'Foreign Affairs': [93, 96, 97, 98, 99, 100, 101, 102, 103, 110, 111, 112, 113, 114], 'International Relations': [94, 95, 104, 105, 106, 107, 108, 109]}",,HSFA,house
,Africa,House Committee on Foreign Affairs,"{'Africa': [97, 98, 99, 100, 101, 102, 103, 104, 105, 106, 107, 108]}",,08,
,Asian and Pacific Affairs,House Committee on Foreign Affairs,"{'Asian and Pacific Affairs': [97, 98, 99, 100, 101, 102], 'Asia and the Pacific': [103, 104, 105, 106, 108, 109, 112, 113, 114], 'East Asia and the Pacific': [107], 'Asia, the Pacific, and the Global Environment': [110, 111]}",,05,
,Europe and the Middle East,House Committee on Foreign Affairs,"{'Europe and the Middle East': [97, 98, 99, 100, 101, 102, 103]}",,03,
,Human Rights and International Organizations,House Committee on Foreign Affairs,"{'Human Rights and International Organizations': [97, 98, 99, 100, 101, 102]}",,06,
,Inter-American Affairs,House Committee on Foreign Affairs,"{'Inter-American Affairs': [97], 'Western Hemisphere Affairs': [98, 99, 100, 101, 102, 103], 'Western Hemisphere': [104, 105, 106, 107, 108, 109, 110, 111, 112, 113, 114]}",,07,
,International Economic Policy and Trade,House Committee on Foreign Affairs,"{'International Economic Policy and Trade': [97, 98, 99, 100, 101, 102, 104, 105, 106], 'Economic Policy, Trade, and Environment': [103]}",,04,
,International Operations,House Committee on Foreign Affairs,"{'International Operations': [97, 98, 99, 100, 101, 102, 103]}",,02,
,International Security and Scientific Affairs,House Committee on Foreign Affairs,"{'International Security and Scientific Affairs': [97, 98], 'Arms Control, International Security and Science': [99, 100, 101, 102]}",,01,
,"International Security, International Organizations, and Human Rights",House Committee on Foreign Affairs,"{'International Security, International Organizations, and Human Rights': [103]}",,11,
,International Operations and Human Rights,House Committee on Foreign Affairs,"{'International Operations and Human Rights': [104, 105, 106, 107]}",,12,
,Europe,House Committee on Foreign Affairs,"{'Europe': [107, 108, 110], 'Europe and Emerging Threats': [109], 'Europe and Eurasia': [112], 'Europe, Eurasia, and Emerging Threats': [113, 114]}",,14,
,Middle East and South Asia,House Committee on Foreign Affairs,"{'Middle East and South Asia': [107, 110, 112], 'Middle East and Central Asia': [108, 109], 'Middle East and North Africa': [113, 114]}",,13,
,"International Terrorism, Nonproliferation and Human Rights",House Committee on Foreign Affairs,"{'International Terrorism, Nonproliferation and Human Rights': [108]}",,15,
,"Africa, Global Human Rights and International Operations",House Committee on Foreign Affairs,"{'Africa, Global Human Rights and International Operations': [109], 'Africa and Global Health': [110], 'Africa, Global Health, and Human Rights': [112], 'Africa, Global Health, Global Human Rights and International Organizations': [113, 114]}",,16,
,International Terrorism and Nonproliferation,House Committee on Foreign Affairs,"{'International Terrorism and Nonproliferation': [109], 'Terrorism, Nonproliferation, and Trade': [110, 112, 113, 114]}",,18,
,"International Organizations, Human Rights, and Oversight",House Committee on Foreign Affairs,"{'International Organizations, Human Rights, and Oversight': [110]}",,17,
,House Committee on Government Operations,,"{'Government Operations': [93, 94, 95, 96, 97, 98, 99, 100, 101, 102, 103], 'Government Reform and Oversight': [104, 105], 'Government Reform': [106, 107, 108, 109], 'Oversight and Government Reform': [110, 111, 112, 113, 114]}",,HSGO,house
,"Commerce, Consumer, and Monetary Affairs",House Committee on Government Operations,"{'Commerce, Consumer, and Monetary Affairs': [97, 100]}",,05,
,Government Activities and Transportation,House Committee on Government Operations,"{'Government Activities and Transportation': [97, 98, 99, 100, 101, 102]}",,03,
,Government Information and Individual Rights,House Committee on Government Operations,"{'Government Information and Individual Rights': [97], 'Government Information, Justice, and Agriculture': [98, 99, 100, 101, 102], 'Information, Justice, Transportation, and Agriculture': [103]}",,02,
,Intergovernmental Relations and Human Resources,House Committee on Government Operations,"{'Intergovernmental Relations and Human Resources': [97, 98, 99], 'Human Resources and Intergovernmental Relations': [100, 101, 102, 103, 104], 'Human Resources': [105]}",,04,
,Legislation and National Security,House Committee on Government Operations,"{'Legislation and National Security': [97, 98, 99, 100, 101, 102, 103], 'National Security, International Affairs and Criminal Justice': [104, 105], 'National Security, Veterans Affairs and International Relations': [107]}",,06,
,Manpower and Housing,House Committee on Government Operations,{'Manpower and Housing': [97]},,07,
,"Environment, Energy, and Natural Resources",House Committee on Government Operations,"{'Environment, Energy, and Natural Resources': [102, 103], 'National Economic Growth, Natural Resources and Regulatory Affairs': [104, 105, 106], 'Energy Policy, Natural Resources and Regulatory Affairs': [107, 108]}",,01,
,Civil Service,House Committee on Government Operations,"{'Civil Service': [104, 105, 106], 'Civil Service and Agency Organization': [107]}",,09,
,District of Columbia,House Committee on Government Operations,"{'District of Columbia': [104, 105, 106, 107]}",,10,
,"Government Management, Information and Technology",House Committee on Government Operations,"{'Government Management, Information and Technology': [104, 105, 106]}",,12,
,Postal Service,House Committee on Government Operations,"{'Postal Service': [104, 105, 106]}",,11,
,Census,House Committee on Government Operations,"{'Census': [105, 106, 107]}",,13,
,"Criminal Justice, Drug Policy and Human Resources",House Committee on Government Operations,"{'Criminal Justice, Drug Policy and Human Resources': [106, 107, 108]}",,14,
,"Government Efficiency, Financial Management and Intergovernmental Relations",House Committee on Government Operations,"{'Government Efficiency, Financial Management and Intergovernmental Relations': [107]}",,16,
,Technology and Procurement Policy,House Committee on Government Operations,{'Technology and Procurement Policy': [107]},,15,
,Civil Service and Agency Organization,House Committee on Government Operations,{'Civil Service and Agency Organization': [108]},,18,
,Government Efficiency and Financial Management,House Committee on Government Operations,{'Government Efficiency and Financial Management': [108]},,19,
,"Technology, Information Policy, Intergovernmental Relations and the Census",House Committee on Government Operations,"{'Technology, Information Policy, Intergovernmental Relations and the Census': [108]}",,20,
,Federal Workforce and Agency Organization,House Committee on Government Operations,"{'Federal Workforce and Agency Organization': [109], 'Federal Workforce, Post Office, and the District of Columbia': [110, 111], 'Federal Workforce, U.S. Postal Service, and Labor Policy': [112]}",,25,
,Federalism and the Census,House Committee on Government Operations,"{'Federalism and the Census': [109], 'Information Policy, Census, and National Archives': [110, 111]}",,23,
,"Government Management, Finance, and Accountability",House Committee on Government Operations,"{'Government Management, Finance, and Accountability': [109], 'Government Management, Organization, and Procurement': [110, 111], 'Government Organization, Efficiency, and Financial Management': [112]}",,24,
,"Health Care, District of Columbia, Census and the National Archives",House Committee on Government Operations,"{'Health Care, District of Columbia, Census and the National Archives': [112]}",,27,
,"Regulatory Affairs, Stimulus Oversight and Government Spending",House Committee on Government Operations,"{'Regulatory Affairs, Stimulus Oversight and Government Spending': [112]}",,28,
,"Technology, Information Policy, Intergovernmental Relations and Procurement Reform",House Committee on Government Operations,"{'Technology, Information Policy, Intergovernmental Relations and Procurement Reform': [112]}",,30,
,House Committee on House Administration,,"{'House Administration': [93, 94, 95, 96, 97, 98, 99, 100, 101, 102, 103, 106, 107, 108, 109, 110, 111, 112, 113, 114], 'House Oversight': [104, 105]}",,HSHA,house
,Accounts,House Committee on House Administration,"{'Accounts': [97, 98, 99, 100, 101, 102, 103]}",,01,
,Contracts and Printing,House Committee on House Administration,"{'Contracts and Printing': [97, 98], 'Procurement and Printing': [99, 100, 101, 102]}",,02,
,Office Systems,House Committee on House Administration,"{'Office Systems': [97, 100, 101, 102, 103]}",,07,
,Personnel and Police,House Committee on House Administration,"{'Personnel and Police': [97, 98, 99, 100, 101, 102, 103]}",,05,
,Services,House Committee on House Administration,"{'Services': [97, 98, 99]}",,03,
,Elections,House Committee on House Administration,"{'Elections': [99, 100, 101, 102, 103, 110, 112]}",,08,
,Libraries and Memorials,House Committee on House Administration,"{'Libraries and Memorials': [100, 101, 102, 103]}",,09,
,House Committee on Interior and Insular Affairs,,"{'Interior and Insular Affairs': [93, 94, 95, 96, 97, 98, 99, 100, 101, 102], 'Natural Resources': [103, 110, 111, 112, 113, 114], 'Resources': [104, 105, 106, 107, 108, 109]}",,HSII,house
,Energy and the Environment,House Committee on Interior and Insular Affairs,"{'Energy and the Environment': [97, 98, 99, 100, 101, 102], 'Energy and Mineral Resources': [103, 104, 105, 106, 107, 108, 109, 110, 111, 112, 113, 114]}",,06,
,Insular Affairs,House Committee on Interior and Insular Affairs,"{'Insular Affairs': [97, 98], 'Insular and International Affairs': [100]}",,07,
,Mines and Mining,House Committee on Interior and Insular Affairs,"{'Mines and Mining': [97], 'Mining, Forest Management and Bonneville Power Administration': [98], 'Mining and Natural Resources': [99, 100, 101, 102]}",,02,
,Public Lands and National Parks,House Committee on Interior and Insular Affairs,"{'Public Lands and National Parks': [97, 98], 'Public Lands': [99], 'National Parks and Public Lands': [100]}",,01,
,Water and Power Resources,House Committee on Interior and Insular Affairs,"{'Water and Power Resources': [97, 98, 99, 100], 'Water, Power and Offshore Energy Resources': [101, 102]}",,05,
,"General Oversight, Northwest Power, and Forest Management",House Committee on Interior and Insular Affairs,"{'General Oversight, Northwest Power, and Forest Management': [99]}",,03,
,National Parks and Recreation,House Committee on Interior and Insular Affairs,{'National Parks and Recreation': [99]},,08,
,Insular and International Affairs,House Committee on Interior and Insular Affairs,"{'Insular and International Affairs': [101, 102, 103]}",,09,
,National Parks and Public Lands,House Committee on Interior and Insular Affairs,"{'National Parks and Public Lands': [101, 102, 105, 106], 'National Parks, Forests, and Public Lands': [103], 'National Parks, Forests, and Lands': [104], 'National Parks, Recreation, and Public Lands': [107, 108, 109], 'National Parks, Forests and Public Lands': [110, 111, 112], 'Public Lands and Environmental Regulation': [113], 'Federal Lands': [114]}",,10,
,General Oversight and California Desert Lands,House Committee on Interior and Insular Affairs,"{'General Oversight and California Desert Lands': [102], 'Oversight and Investigations': [103]}",,11,
,Native American Affairs,House Committee on Interior and Insular Affairs,{'Native American Affairs': [103]},,04,
,"Fisheries, Wildlife and Oceans",House Committee on Interior and Insular Affairs,"{'Fisheries, Wildlife and Oceans': [104], 'Fisheries Conservation, Wildlife, and Oceans': [105, 106, 107, 108, 109], 'Fisheries, Wildlife, and Oceans': [110]}",,15,
,Native American and Insular Affairs,House Committee on Interior and Insular Affairs,{'Native American and Insular Affairs': [104]},,14,
,Water and Power Resources,House Committee on Interior and Insular Affairs,"{'Water and Power Resources': [104], 'Water and Power': [105, 106, 107, 108, 109, 110, 111, 112, 113], 'Water, Power and Oceans': [114]}",,13,
,Forests and Forest Health,House Committee on Interior and Insular Affairs,"{'Forests and Forest Health': [105, 106, 107, 108, 109]}",,20,
,Insular Affairs,House Committee on Interior and Insular Affairs,"{'Insular Affairs': [110], 'Insular Affairs, Oceans and Wildlife': [111], 'Fisheries, Wildlife, Oceans, and Insular Affairs': [112, 113]}",,22,
,Indian and Alaska Native Affairs,House Committee on Interior and Insular Affairs,"{'Indian and Alaska Native Affairs': [112, 113], 'Indian, Insular and Alaska Native Affairs': [114]}",,24,
,House Committee on Interstate and Foreign Commerce,,"{'Interstate and Foreign Commerce': [93, 94, 95, 96], 'Energy and Commerce': [97, 98, 99, 100, 101, 102, 103, 107, 108, 109, 110, 111, 112, 113, 114], 'Commerce': [104, 105, 106]}",,HSIF,house
,"Commerce, Transportation and Tourism",House Committee on Interstate and Foreign Commerce,"{'Commerce, Transportation and Tourism': [97, 98, 99], 'Commerce, Consumer Protection, and Competitiveness': [100, 101, 102, 103]}",,06,
,Energy Conservation and Power,House Committee on Interstate and Foreign Commerce,"{'Energy Conservation and Power': [97, 98, 99], 'Energy and Power': [100, 101, 102, 103, 104, 105, 106, 112, 113, 114], 'Energy and Air Quality': [107, 108, 109, 110], 'Energy and Environment': [111]}",,03,
,Fossil and Synthetic Fuels,House Committee on Interstate and Foreign Commerce,"{'Fossil and Synthetic Fuels': [97, 98, 99], 'Transportation, Tourism, and Hazardous Materials': [100]}",,07,
,Health and Environment,House Committee on Interstate and Foreign Commerce,"{'Health and Environment': [97, 98, 99, 100, 101, 102, 103, 104, 105, 106]}",,04,
,Oversight and Investigations,House Committee on Interstate and Foreign Commerce,"{'Oversight and Investigations': [97, 99, 111]}",,02,
,"Telecommunications, Consumer Protection and Finance",House Committee on Interstate and Foreign Commerce,"{'Telecommunications, Consumer Protection and Finance': [97, 98, 99], 'Telecommunications and Finance': [100, 101, 102, 103, 104]}",,01,
,Transportation and Hazardous Materials,House Committee on Interstate and Foreign Commerce,"{'Transportation and Hazardous Materials': [101, 102, 103]}",,10,
,"Commerce, Trade, and Hazardous Materials",House Committee on Interstate and Foreign Commerce,"{'Commerce, Trade, and Hazardous Materials': [104]}",,11,
,Finance and Hazardous Materials,House Committee on Interstate and Foreign Commerce,"{'Finance and Hazardous Materials': [105, 106]}",,13,
,"Telecommunications, Trade, and Consumer Protection",House Committee on Interstate and Foreign Commerce,"{'Telecommunications, Trade, and Consumer Protection': [105, 106]}",,12,
,"Commerce, Trade and Consumer Protection",House Committee on Interstate and Foreign Commerce,"{'Commerce, Trade and Consumer Protection': [107, 108, 109, 110, 111], 'Commerce, Manufacturing, and Trade': [112, 113, 114]}",,17,
,Environment and Hazardous Materials,House Committee on Interstate and Foreign Commerce,"{'Environment and Hazardous Materials': [107, 108, 109, 110]}",,15,
,Health,House Committee on Interstate and Foreign Commerce,"{'Health': [107, 108, 109, 110, 111, 112, 113, 114]}",,14,
,Telecommunications and the Internet,House Committee on Interstate and Foreign Commerce,"{'Telecommunications and the Internet': [107, 108, 109, 110], 'Communications, Technology, and the Internet': [111], 'Communications and Technology': [112, 113, 114]}",,16,
,Environment and the Economy,House Committee on Interstate and Foreign Commerce,"{'Environment and the Economy': [112, 113, 114]}",,18,
,House Committee on Judiciary,,"{'Judiciary': [93, 94, 95, 96, 97, 98, 99, 100, 101, 102, 103, 104, 105, 106, 107, 108, 109, 110, 111, 112, 113, 114]}",,HSJU,house
,Administrative Law and Governmental Relations,House Committee on Judiciary,"{'Administrative Law and Governmental Relations': [97, 98, 99, 100, 101, 102, 103]}",,02,
,Civil and Constitutional Rights,House Committee on Judiciary,"{'Civil and Constitutional Rights': [97, 98, 99, 100, 101, 102, 103]}",,04,
,"Courts, Civil Liberties, and the Administration of Justice",House Committee on Judiciary,"{'Courts, Civil Liberties, and the Administration of Justice': [97, 98, 99, 100], 'Courts, Intellectual Property, and the Administration of Justice': [101], 'Intellectual Property and Judicial Administration': [102, 103], 'Courts and Intellectual Property': [104, 105, 106], 'Courts, the Internet, and Intellectual Property': [107, 108, 109, 110], 'Courts and Competition Policy': [111], 'Courts, Commercial and Administrative Law': [112], 'Courts, Intellectual Property, and the Internet': [113, 114]}",,03,
,Crime,House Committee on Judiciary,"{'Crime': [97, 98, 99, 100, 101]}",,06,
,Criminal Justice,House Committee on Judiciary,"{'Criminal Justice': [97, 98, 99, 100, 101]}",,07,
,"Immigration, Refugees, and International Law",House Committee on Judiciary,"{'Immigration, Refugees, and International Law': [97, 98, 99, 100, 101], 'International Law, Immigration, and Refugees': [102, 103], 'Immigration and Claims': [104, 105, 106, 107], 'Immigration, Border Security, and Claims': [108, 109], 'Immigration, Citizenship, Refugees, Border Security, and International Law': [110, 111], 'Immigration Policy and Enforcement': [112], 'Immigration and Border Security': [113, 114]}",,01,
,Monopolies and Commercial Law,House Committee on Judiciary,"{'Monopolies and Commercial Law': [97, 98, 99, 100], 'Economic and Commercial Law': [101, 102, 103], 'Regulatory Reform, Commercial And Antitrust Law': [113, 114]}",,05,
,Crime and Criminal Justice,House Committee on Judiciary,"{'Crime and Criminal Justice': [102, 103], 'Crime': [104, 105, 106, 107], 'Crime, Terrorism, and Homeland Security': [108, 109, 110, 111, 112], 'Crime, Terrorism, Homeland Security, and Investigations': [113, 114]}",,08,
,Commercial and Administrative Law,House Committee on Judiciary,"{'Commercial and Administrative Law': [104, 105, 106, 107, 108, 109, 110, 111]}",,09,
,Constitution,House Committee on Judiciary,"{'Constitution': [104, 105, 106, 107, 108, 109, 112], 'Constitution, Civil Rights, and Civil Liberties': [110, 111], 'Constitution and Civil Justice': [113, 114]}",,10,
,Antitrust (Full Committee Task Force),House Committee on Judiciary,{'Antitrust (Full Committee Task Force)': [108]},,11,
,"Intellectual Property, Competition and the Internet",House Committee on Judiciary,"{'Intellectual Property, Competition and the Internet': [112]}",,12,
,House Committee on Public Works,,"{'Public Works': [93], 'Public Works and Transportation': [94, 95, 96, 97, 98, 99, 100, 101, 102, 103], 'Transportation and Infrastructure': [104, 105, 106, 107, 108, 109, 110, 111, 112, 113, 114]}",,HSPW,house
,Aviation,House Committee on Public Works,"{'Aviation': [97, 98, 99, 100, 101, 102, 103, 104, 105, 106, 107, 108, 109, 110, 111, 112, 113, 114]}",,05,
,Economic Development,House Committee on Public Works,"{'Economic Development': [97, 98, 99, 100, 101, 102, 103]}",,06,
,Public Buildings and Grounds,House Committee on Public Works,"{'Public Buildings and Grounds': [97, 98, 99, 100, 101, 102, 103]}",,04,
,Surface Transportation,House Committee on Public Works,"{'Surface Transportation': [97, 98, 99, 100, 101, 102, 103, 104, 105]}",,03,
,Water Resources,House Committee on Public Works,"{'Water Resources': [97, 98, 99, 100, 101, 102], 'Water Resources and Environment': [103, 104, 105, 106, 107, 108, 109, 110, 111, 112, 113, 114]}",,02,
,Investigations and Oversight,House Committee on Public Works,{'Investigations and Oversight': [98]},,01,
,Coast Guard and Maritime Transportation,House Committee on Public Works,"{'Coast Guard and Maritime Transportation': [104, 105, 106, 107, 108, 109, 110, 111, 112, 113, 114]}",,07,
,Public Buildings and Economic Development,House Committee on Public Works,"{'Public Buildings and Economic Development': [104, 105], 'Economic Development, Public Buildings, Hazardous Materials and Pipeline Transportation': [106]}",,08,
,Railroads,House Committee on Public Works,"{'Railroads': [104, 105]}",,09,
,Ground Transportation,House Committee on Public Works,{'Ground Transportation': [106]},,10,
,"Oversight, Investigations and Emergency Management",House Committee on Public Works,"{'Oversight, Investigations and Emergency Management': [106]}",,11,
,"Economic Development, Public Buildings and Emergency Management",House Committee on Public Works,"{'Economic Development, Public Buildings and Emergency Management': [107, 108, 109, 110, 111, 112, 113, 114]}",,13,
,Highways and Transit,House Committee on Public Works,"{'Highways and Transit': [107, 110, 111, 112, 113, 114], 'Highways, Transit and Pipelines': [108, 109]}",,12,
,Railroads,House Committee on Public Works,"{'Railroads': [107, 108, 109], 'Railroads, Pipelines, and Hazardous Materials': [110, 111, 112, 113, 114]}",,14,
,House Committee on Rules,,"{'Rules': [93, 94, 95, 96, 97, 98, 99, 100, 101, 102, 103, 104, 105, 106, 107, 108, 109, 110, 111, 112, 113, 114]}",,HSRU,house
,Legislative Process,House Committee on Rules,"{'Legislative Process': [97, 98, 99, 101, 102, 103, 104], 'Legislative and Budget Process': [105, 108, 112]}",,02,
,Rules of the House,House Committee on Rules,"{'Rules of the House': [97, 98, 99, 100, 101, 102, 103, 104], 'Rules and Organization of the House': [105], 'Technology and the House': [108]}",,01,
,Rules and Organization of the House,House Committee on Rules,{'Rules and Organization of the House': [111]},,04,
,House Committee on Science and Astronautics,,"{'Science and Astronautics': [93], 'Science and Technology': [94, 95, 96, 97, 98, 99, 110, 111], 'Science, Space and Technology': [100, 101, 102, 103], 'Science': [104, 105, 106, 107, 108, 109], 'Science, Space, and Technology': [112, 113, 114]}",,HSSY,house
,Energy Development and Applications,House Committee on Science and Astronautics,"{'Energy Development and Applications': [97, 98, 99], 'International Scientific Cooperation': [100]}",,01,
,Energy Research and Production,House Committee on Science and Astronautics,"{'Energy Research and Production': [97, 98, 99], 'Energy Research and Development': [100]}",,06,
,"Natural Resources, Agricultural Research and Environment",House Committee on Science and Astronautics,"{'Natural Resources, Agricultural Research and Environment': [97, 98, 99, 100], 'Natural Resources, Agriculture Research and Environment': [101], 'Environment': [102]}",,04,
,"Science, Research and Technology",House Committee on Science and Astronautics,"{'Science, Research and Technology': [97, 98, 99, 100, 101]}",,03,
,Space Science Applications,House Committee on Science and Astronautics,"{'Space Science Applications': [97, 98, 99], 'Space Science and Applications': [100, 101], 'Space': [102, 103]}",,02,
,"Transportation, Aviation and Materials",House Committee on Science and Astronautics,"{'Transportation, Aviation and Materials': [97, 98, 99, 100, 101]}",,07,
,Task Force on Science Policy,House Committee on Science and Astronautics,{'Task Force on Science Policy': [100]},,08,
,Energy Research and Development,House Committee on Science and Astronautics,"{'Energy Research and Development': [101], 'Energy': [102, 103]}",,10,
,International Scientific Cooperation,House Committee on Science and Astronautics,{'International Scientific Cooperation': [101]},,11,
,Science,House Committee on Science and Astronautics,"{'Science': [102, 103], 'Basic Research': [104, 105, 106], 'Research': [107, 108, 109, 113], 'Research and Science Education': [110, 111, 112]}",,14,
,Technology and Competitiveness,House Committee on Science and Astronautics,{'Technology and Competitiveness': [102]},,13,
,"Technology, Environment and Aviation",House Committee on Science and Astronautics,"{'Technology, Environment and Aviation': [103], 'Research and Technology': [113, 114]}",,15,
,Energy and Environment,House Committee on Science and Astronautics,"{'Energy and Environment': [104, 105, 106], 'Environment': [113, 114]}",,18,
,Space and Aeronautics,House Committee on Science and Astronautics,"{'Space and Aeronautics': [104, 105, 106, 107, 108, 109, 110, 111, 112], 'Space': [113, 114]}",,16,
,Technology,House Committee on Science and Astronautics,"{'Technology': [104, 105, 106]}",,17,
,Energy,House Committee on Science and Astronautics,"{'Energy': [107, 108, 109, 113, 114], 'Energy and Environment': [110, 111, 112]}",,20,
,"Environment, Technology, and Standards",House Committee on Science and Astronautics,"{'Environment, Technology, and Standards': [107, 108, 109], 'Technology and Innovation': [110, 111, 112], 'Technology': [113]}",,19,
,Investigations and Oversight,House Committee on Science and Astronautics,{'Investigations and Oversight': [110]},,21,
,House Committee on Veterans' Affairs,,"{""Veterans' Affairs"": [93, 94, 95, 96, 97, 98, 99, 100, 101, 102, 103, 104, 105, 106, 107, 108, 109, 110, 111, 112, 113, 114]}",,HSVR,house
,"Compensation, Pension and Insurance",House Committee on Veterans' Affairs,"{'Compensation, Pension and Insurance': [97, 98, 99, 100, 101, 102, 103]}",,01,
,"Education, Training and Employment",House Committee on Veterans' Affairs,"{'Education, Training and Employment': [97, 98, 99, 100, 101, 102, 103]}",,02,
,Hospitals and Health Care,House Committee on Veterans' Affairs,"{'Hospitals and Health Care': [97, 98, 99, 100, 101, 102, 103, 104], 'Health': [105, 106, 107, 108, 109, 110, 111, 112, 113, 114]}",,03,
,Housing and Memorial Affairs,House Committee on Veterans' Affairs,"{'Housing and Memorial Affairs': [97, 98, 99, 100, 101, 102, 103]}",,04,
,Oversight and Investigations,House Committee on Veterans' Affairs,{'Oversight and Investigations': [102]},,05,
,"Compensation, Pension, Insurance, and Memorial Affairs",House Committee on Veterans' Affairs,"{'Compensation, Pension, Insurance, and Memorial Affairs': [104], 'Benefits': [105, 106, 107, 108]}",,06,
,"Education, Training, Employment and Housing",House Committee on Veterans' Affairs,"{'Education, Training, Employment and Housing': [104]}",,07,
,Disability Assistance and Memorial Affairs,House Committee on Veterans' Affairs,"{'Disability Assistance and Memorial Affairs': [109, 110, 111, 112, 113, 114]}",,09,
,Economic Opportunity,House Committee on Veterans' Affairs,"{'Economic Opportunity': [109, 110, 111, 112, 113, 114]}",,10,
,Oversight and Investigations,House Committee on Veterans' Affairs,"{'Oversight and Investigations': [109, 110, 112, 113, 114]}",,08,
,House Committee on Ways and Means,,"{'Ways and Means': [93, 94, 95, 96, 97, 98, 99, 100, 101, 102, 103, 104, 105, 106, 107, 108, 109, 110, 111, 112, 113, 114]}",,HSWM,house
,Health,House Committee on Ways and Means,"{'Health': [97, 98, 99, 100, 101, 102, 103, 104, 105, 106, 107, 108, 109, 110, 111, 112, 113, 114]}",,02,
,Public Assistance and Unemployment Compensation,House Committee on Ways and Means,"{'Public Assistance and Unemployment Compensation': [97, 98, 99, 100], 'Human Resources': [101, 102, 103, 104, 105, 106, 107, 108, 109, 112, 113, 114], 'Income Security and Family Support': [110, 111]}",,03,
,Select Revenue Measures,House Committee on Ways and Means,"{'Select Revenue Measures': [97, 98, 99, 100, 101, 102, 103, 107]}",,05,
,Social Security,House Committee on Ways and Means,"{'Social Security': [97, 98, 99, 100, 101, 102, 103, 104, 105, 106, 107, 108, 109, 110, 111, 112, 113, 114]}",,01,
,Trade,House Committee on Ways and Means,"{'Trade': [97, 98, 99, 100, 101, 102, 103, 104, 105, 106, 107, 108, 109, 110, 111, 112, 113, 114]}",,04,
,Oversight,House Committee on Ways and Means,"{'Oversight': [105, 106]}",,06,
,Senate Committee on Aging (Special),,"{'Aging (Special)': [93, 97, 98, 99, 100, 101, 102, 105, 106, 107, 108, 109, 110, 111, 112, 113, 114]}",,SPAG,senate
,Senate Committee on Agriculture and Forestry,,"{'Agriculture and Forestry': [93, 94], 'Agriculture, Nutrition, and Forestry': [95, 96, 97, 98, 99, 100, 101, 102, 103, 104, 105, 106, 107, 108, 109, 110, 111, 112, 113, 114]}",,SSAF,senate
,Agricultural Credit and Rural Electrification,Senate Committee on Agriculture and Forestry,"{'Agricultural Credit and Rural Electrification': [97, 98, 99], 'Domestic and Foreign Marketing and Product Promotion': [100, 101, 102, 103]}",,02,
,"Agricultural Production, Marketing, and Stabilization of Prices",Senate Committee on Agriculture and Forestry,"{'Agricultural Production, Marketing, and Stabilization of Prices': [97, 98, 99], 'Agricultural Credit': [100, 101, 102, 103]}",,03,
,Agricultural Research and General Legislation,Senate Committee on Agriculture and Forestry,"{'Agricultural Research and General Legislation': [97, 98, 100, 101, 102], 'Agricultural Research, Conservation, Forestry and General Legislation': [99, 103]}",,04,
,Foreign Agricultural Policy,Senate Committee on Agriculture and Forestry,"{'Foreign Agricultural Policy': [97, 98], 'Nutrition and Investigations': [100, 101, 102, 103]}",,06,
,"Forestry, Water Resources, and Environment",Senate Committee on Agriculture and Forestry,"{'Forestry, Water Resources, and Environment': [97]}",,08,
,Nutrition,Senate Committee on Agriculture and Forestry,"{'Nutrition': [97, 98, 99], 'Conservation and Forestry': [100, 101, 102]}",,07,
,Soil and Water Conservation,Senate Committee on Agriculture and Forestry,"{'Soil and Water Conservation': [97], 'Soil and Water Conservation, Forestry and Environment': [98], 'Agricultural Production and Stabilization of Prices': [100, 101, 102, 103], 'Production and Price Competitiveness': [107, 108]}",,01,
,"Rural Development, Oversight, and Investigations",Senate Committee on Agriculture and Forestry,"{'Rural Development, Oversight, and Investigations': [99], 'Rural Development and Rural Electrification': [100, 101, 102, 103], 'Forestry, Conservation, and Rural Revitalization': [104, 105, 106, 109]}",,05,
,Senate Committee on Appropriations,,"{'Appropriations': [93, 94, 95, 96, 97, 98, 99, 100, 101, 102, 103, 104, 105, 106, 107, 108, 109, 110, 111, 112, 113, 114]}",,SSAP,senate
,District of Columbia,Senate Committee on Appropriations,"{'District of Columbia': [97, 98, 99, 100, 102, 105, 106, 107, 108, 109]}",,03,
,Energy and Water Development,Senate Committee on Appropriations,"{'Energy and Water Development': [97, 98, 99, 100, 101, 102, 103, 104, 105, 106, 107, 108]}",,10,
,Interior,Senate Committee on Appropriations,"{'Interior': [97, 98, 99, 105, 106, 107, 108], 'Interior and Related Agencies': [100, 101, 102, 103, 104]}",,06,
,Military Construction,Senate Committee on Appropriations,"{'Military Construction': [97, 98, 99, 100, 101, 102, 104, 105, 106, 107, 108]}",,09,
,"State, Justice, Commerce, the Judiciary",Senate Committee on Appropriations,"{'State, Justice, Commerce, the Judiciary': [97], 'Commerce, Justice, State, and the Judiciary': [98, 99, 101, 102, 103, 104, 105, 106, 107, 108], 'Commerce, Justice, State, the Judiciary, and Related Agencies': [100]}",,11,
,Transportation,Senate Committee on Appropriations,"{'Transportation': [97, 98, 99, 104, 105, 106, 107], 'Transportation and Related Agencies': [100, 101, 102, 103]}",,12,
,Agriculture and Related Agencies,Senate Committee on Appropriations,"{'Agriculture and Related Agencies': [98, 99, 101], 'Agriculture, Rural Development, and Related Agencies': [103, 104, 105, 106, 107, 108, 109], 'Agriculture, Rural Development, Food and Drug Administration, and Related Agencies': [110, 111, 112, 113]}",,01,
,Defense,Senate Committee on Appropriations,"{'Defense': [98, 101, 102, 103, 104, 105, 106, 107, 108, 109, 110, 111, 112, 113]}",,02,
,Foreign Operations,Senate Committee on Appropriations,"{'Foreign Operations': [98, 100, 101, 102, 103, 104, 105, 106, 107, 108]}",,04,
,HUD and Independent Agencies,Senate Committee on Appropriations,"{'HUD and Independent Agencies': [98, 99, 100, 101], 'VA, HUD, and Independent Agencies': [102, 103, 104, 105, 106, 107, 108]}",,05,
,"Labor, Health and Human Services, Education",Senate Committee on Appropriations,"{'Labor, Health and Human Services, Education': [98, 99], 'Labor, Health and Human Services, Education, and Related Agencies': [100, 101, 102], 'Labor, Health and Human Services, and Education': [103, 104, 105, 106, 107, 108]}",,07,
,Legislative Branch,Senate Committee on Appropriations,"{'Legislative Branch': [98, 99, 100, 102, 105, 106, 107, 108, 110, 111, 112, 113]}",,08,
,"Treasury, Postal Service, General Government",Senate Committee on Appropriations,"{'Treasury, Postal Service, General Government': [98, 99, 100, 101, 102, 103, 104], 'Treasury and General Government': [105, 106, 107]}",,13,
,Department of Homeland Security,Senate Committee on Appropriations,"{'Department of Homeland Security': [108, 109, 110, 111, 112, 113]}",,14,
,"Transportation, Treasury and General Government",Senate Committee on Appropriations,"{'Transportation, Treasury and General Government': [108]}",,15,
,"Commerce, Justice, and Science and Related Agencies",Senate Committee on Appropriations,"{'Commerce, Justice, and Science and Related Agencies': [109], 'Commerce, Justice, Science, and Related Agencies': [110, 111, 112, 113]}",,16,
,"Departments of Labor, Health and Human Services, and Education, and Related Agencies",Senate Committee on Appropriations,"{'Departments of Labor, Health and Human Services, and Education, and Related Agencies': [109, 110, 112, 113]}",,18,
,"Energy and Water, and Related Agencies",Senate Committee on Appropriations,"{'Energy and Water, and Related Agencies': [109], 'Energy and Water Development': [110, 111, 112, 113]}",,22,
,Interior and Related Agencies,Senate Committee on Appropriations,"{'Interior and Related Agencies': [109], 'Department of the Interior, Environment, and Related Agencies': [110, 114]}",,17,
,"Military Construction and Veterans Affairs, and Related Agencies",Senate Committee on Appropriations,"{'Military Construction and Veterans Affairs, and Related Agencies': [109, 110, 111, 112, 113]}",,19,
,"State, Foreign Operations, and Related Programs",Senate Committee on Appropriations,"{'State, Foreign Operations, and Related Programs': [109, 110, 111, 112, 113, 114]}",,20,
,"Transportation, Treasury, the Judiciary, and Housing and Urban Development, and Related Agencies",Senate Committee on Appropriations,"{'Transportation, Treasury, the Judiciary, and Housing and Urban Development, and Related Agencies': [109, 110]}",,21,
,Financial Service and General Government,Senate Committee on Appropriations,"{'Financial Services and General Government': [110, 111, 112, 113, 114]}",,23,
,"Transportation, Housing and Urban Development, and Related Agencies",Senate Committee on Appropriations,"{'Transportation, Housing and Urban Development, and Related Agencies': [110, 111, 112]}",,24,
,Senate Committee on Armed Services,,"{'Armed Services': [93, 94, 95, 96, 97, 98, 99, 100, 101, 102, 103, 104, 105, 106, 107, 108, 109, 110, 111, 112, 113, 114]}",,SSAS,senate
,Manpower and Personnel,Senate Committee on Armed Services,"{'Manpower and Personnel': [97, 98, 99], 'Force Requirements and Personnel': [103]}",,09,
,Military Construction,Senate Committee on Armed Services,"{'Military Construction': [97, 98, 99], 'Readiness, Sustainability and Support': [100, 101, 102]}",,04,
,Preparedness,Senate Committee on Armed Services,"{'Preparedness': [97, 98, 99], 'Acquisition and Technology': [104, 105]}",,18,
,Sea Power and Force Projection,Senate Committee on Armed Services,"{'Sea Power and Force Projection': [97, 98, 99]}",,19,
,Strategic and Theater Nuclear Forces,Senate Committee on Armed Services,"{'Strategic and Theater Nuclear Forces': [97, 98, 99], 'Personnel': [104, 105]}",,17,
,Tactical Warfare,Senate Committee on Armed Services,"{'Tactical Warfare': [97, 98], 'Strategic Forces': [104, 105], 'Strategic': [106]}",,16,
,Defense Acquisition Policy,Senate Committee on Armed Services,"{'Defense Acquisition Policy': [99], 'Emerging Threats and Capabilities': [106]}",,20,
,Conventional Forces and Alliance Defense,Senate Committee on Armed Services,"{'Conventional Forces and Alliance Defense': [100, 101, 102]}",,02,
,Defense Industry and Technology,Senate Committee on Armed Services,"{'Defense Industry and Technology': [100, 101, 102]}",,06,
,Manpower and Personnel,Senate Committee on Armed Services,"{'Manpower and Personnel': [100, 101, 102]}",,05,
,Projection Forces and Regional Defense,Senate Committee on Armed Services,"{'Projection Forces and Regional Defense': [100, 101, 102]}",,03,
,Strategic Forces and Nuclear Deterrence,Senate Committee on Armed Services,"{'Strategic Forces and Nuclear Deterrence': [100, 101, 102]}",,01,
,Coalition Defense and Reinforcing Forces,Senate Committee on Armed Services,{'Coalition Defense and Reinforcing Forces': [103]},,11,
,"Defense Technology, Acquisition, and Industrial Base",Senate Committee on Armed Services,"{'Defense Technology, Acquisition, and Industrial Base': [103]}",,07,
,Military Readiness and Defense Infrastructure,Senate Committee on Armed Services,{'Military Readiness and Defense Infrastructure': [103]},,08,
,"Nuclear Deterrence, Arms Control, and Defense Intelligence",Senate Committee on Armed Services,"{'Nuclear Deterrence, Arms Control, and Defense Intelligence': [103]}",,10,
,Regional Defense and Contingency Forces,Senate Committee on Armed Services,{'Regional Defense and Contingency Forces': [103]},,12,
,Airland Forces,Senate Committee on Armed Services,"{'Airland Forces': [104, 105], 'Airland': [106]}",,14,
,Readiness,Senate Committee on Armed Services,"{'Readiness': [104, 105], 'Readiness and Management Support': [106, 113]}",,15,
,SeaPower,Senate Committee on Armed Services,"{'SeaPower': [104, 105, 106]}",,13,
,"Senate Committee on Banking, Housing, and Urban Affairs",,"{'Banking, Housing, and Urban Affairs': [93, 94, 95, 96, 97, 98, 99, 100, 101, 102, 103, 104, 105, 106, 107, 108, 109, 110, 111, 112, 113, 114]}",,SSBK,senate
,Consumer Affairs,"Senate Committee on Banking, Housing, and Urban Affairs","{'Consumer Affairs': [97, 98]}",,07,
,Financial Institutions,"Senate Committee on Banking, Housing, and Urban Affairs","{'Financial Institutions': [97, 98], 'Financial Institutions and Consumer Affairs': [99], 'Consumer Affairs': [100], 'Consumer and Regulatory Affairs': [101, 102]}",,03,
,Housing and Urban Affairs,"Senate Committee on Banking, Housing, and Urban Affairs","{'Housing and Urban Affairs': [97, 98, 99, 101, 102, 103]}",,02,
,International Finance and Monetary Policy,"Senate Committee on Banking, Housing, and Urban Affairs","{'International Finance and Monetary Policy': [97, 98, 99, 101, 102, 103], 'International Finance': [105], 'National Security and International Trade and Finance': [113]}",,05,
,Securities,"Senate Committee on Banking, Housing, and Urban Affairs","{'Securities': [97, 98, 99, 100, 101, 102, 103, 104, 105], 'Securities and Investment': [107], 'Securities, Insurance, and Investment': [112, 113, 114]}",,04,
,Federal Credit Programs,"Senate Committee on Banking, Housing, and Urban Affairs","{'Federal Credit Programs': [98], 'Economic Policy': [106, 108, 112, 113, 114]}",,12,
,Insurance,"Senate Committee on Banking, Housing, and Urban Affairs","{'Insurance': [98], 'Financial Services and Technology': [105]}",,11,
,Rural Housing and Development,"Senate Committee on Banking, Housing, and Urban Affairs","{'Rural Housing and Development': [98], 'Housing Opportunity and Community Development': [105], 'Housing and Transportation': [106, 107, 109], 'Housing, Transportation, and Community Development': [110, 111, 112, 113]}",,09,
,Financial Institutions and Regulatory Relief,"Senate Committee on Banking, Housing, and Urban Affairs","{'Financial Institutions and Regulatory Relief': [104, 105], 'Financial Institutions': [106, 113, 114]}",,08,
,HUD Oversight and Structure,"Senate Committee on Banking, Housing, and Urban Affairs",{'HUD Oversight and Structure': [104]},,10,
,Senate Committee on Budget,,"{'Budget': [93, 94, 95, 96, 97, 98, 99, 100, 101, 102, 103, 104, 105, 106, 107, 108, 109, 110, 111, 112, 113, 114]}",,SSBU,senate
,Senate Committee on Commerce,,"{'Commerce': [93, 94], 'Commerce, Science, and Transportation': [95, 96, 97, 98, 99, 100, 101, 102, 103, 104, 105, 106, 107, 108, 109, 110, 111, 112, 113, 114]}",,SSCM,senate
,Aviation,Senate Committee on Commerce,"{'Aviation': [97, 98, 99, 100, 101, 102, 103, 104, 105, 107]}",,01,
,"Business, Trade, and Tourism",Senate Committee on Commerce,"{'Business, Trade, and Tourism': [97, 98, 99]}",,15,
,Communications,Senate Committee on Commerce,"{'Communications': [97, 98, 100, 101, 102, 103, 105, 106, 108]}",,02,
,Consumer,Senate Committee on Commerce,"{'Consumer': [97, 98, 99, 100, 101, 102, 103], 'Consumer Affairs, Foreign Commerce, and Tourism': [104, 106, 107]}",,03,
,Merchant Marine,Senate Committee on Commerce,"{'Merchant Marine': [97, 98, 99, 100, 101, 102, 103]}",,06,
,Surface Transportation,Senate Committee on Commerce,"{'Surface Transportation': [97, 98, 99, 100, 101, 102, 103], 'Surface Transportation and Merchant Marine': [104, 105, 106, 108]}",,08,
,National Ocean Policy Study,Senate Committee on Commerce,"{'National Ocean Policy Study': [98, 99]}",,30,
,"Science, Technology, and Space",Senate Committee on Commerce,"{'Science, Technology, and Space': [98, 99], 'Oceans and Fisheries': [104, 105, 106], 'Oceans, Fisheries and Coast Guard': [108]}",,09,
,National Ocean Policy Study,Senate Committee on Commerce,"{'National Ocean Policy Study': [100, 102]}",,07,
,"Science, Technology, and Space",Senate Committee on Commerce,"{'Science, Technology, and Space': [101, 102, 103, 104, 105, 106, 107, 108]}",,05,
,Foreign Commerce and Tourism,Senate Committee on Commerce,{'Foreign Commerce and Tourism': [102]},,04,
,"Competition, Foreign Commerce, and Infrastructure",Senate Committee on Commerce,"{'Competition, Foreign Commerce, and Infrastructure': [108]}",,11,
,"Consumer Affairs, Product Safety, and Insurance",Senate Committee on Commerce,"{'Consumer Affairs, Product Safety, and Insurance': [109]}",,12,
,Science and Space,Senate Committee on Commerce,{'Science and Space': [109]},,17,
,"Trade, Tourism, and Economic Development",Senate Committee on Commerce,"{'Trade, Tourism, and Economic Development': [109]}",,19,
,"Consumer Protection, Product Safety, and Insurance",Senate Committee on Commerce,"{'Consumer Affairs, Insurance, and Automotive Safety': [110], 'Consumer Protection, Product Safety, Insurance, and Data Security': [111, 113]}",,20,
,"Interstate Commerce, Trade, and Tourism",Senate Committee on Commerce,"{'Interstate Commerce, Trade, and Tourism': [110]}",,21,
,"Oceans, Atmosphere, Fisheries, and Coast Guard",Senate Committee on Commerce,"{'Oceans, Atmosphere, Fisheries, and Coast Guard': [110, 111]}",,22,
,"Science, Technology, and Innovation",Senate Committee on Commerce,"{'Science, Technology, and Innovation': [110]}",,23,
,"Surface Transportation and Merchant Marine Infrastructure, Safety and Security",Senate Committee on Commerce,"{'Surface Transportation and Merchant Marine Infrastructure, Safety and Security': [110], 'Surface Transportation and Merchant Marine': [111]}",,25,
,Communications and Technology,Senate Committee on Commerce,{'Communications and Technology': [111]},,26,
,Senate Committee on Finance,,"{'Finance': [93, 94, 95, 96, 97, 98, 99, 100, 101, 102, 103, 104, 105, 106, 107, 108, 109, 110, 111, 112, 113, 114]}",,SSFI,senate
,Energy and Agricultural Taxation,Senate Committee on Finance,"{'Energy and Agricultural Taxation': [97, 98, 99, 100, 101, 102, 103]}",,07,
,Estate and Gift Taxation,Senate Committee on Finance,"{'Estate and Gift Taxation': [97, 98]}",,21,
,Health,Senate Committee on Finance,"{'Health': [97, 98, 99, 100], 'Health for Families and the Uninsured': [101, 102, 103]}",,01,
,International Trade,Senate Committee on Finance,"{'International Trade': [97, 98, 99, 100, 101, 102, 103, 104, 105]}",,03,
,Oversight of the Internal Revenue Service,Senate Committee on Finance,"{'Oversight of the Internal Revenue Service': [97, 98]}",,16,
,"Savings, Pensions and Investment Policy",Senate Committee on Finance,"{'Savings, Pensions and Investment Policy': [97, 98, 99]}",,19,
,Taxation and Debt Management,Senate Committee on Finance,"{'Taxation and Debt Management': [97, 98, 99]}",,12,
,"Economic Growth, Employment and Revenue Sharing",Senate Committee on Finance,"{'Economic Growth, Employment and Revenue Sharing': [98]}",,20,
,Social Security and Income Maintenance Programs,Senate Committee on Finance,"{'Social Security and Income Maintenance Programs': [98, 99]}",,13,
,Private Retirement Plans and Oversight of the Internal Revenue Service,Senate Committee on Finance,"{'Private Retirement Plans and Oversight of the Internal Revenue Service': [100, 101, 102]}",,05,
,Social Security and Family Policy,Senate Committee on Finance,"{'Social Security and Family Policy': [100, 101, 102, 104, 105, 107]}",,02,
,Taxation and Debt Management,Senate Committee on Finance,"{'Taxation and Debt Management': [100, 101], 'Taxation': [102], 'Taxation and IRS Oversight': [104, 105]}",,06,
,Medicare and Long-Term Care,Senate Committee on Finance,"{'Medicare and Long-Term Care': [101, 102]}",,08,
,Health Care,Senate Committee on Finance,"{'Health Care': [105, 106]}",,10,
,Long-Term Growth and Debt Reduction,Senate Committee on Finance,{'Long-Term Growth and Debt Reduction': [106]},,09,
,Senate Committee on Foreign Relations,,"{'Foreign Relations': [93, 94, 95, 96, 97, 98, 99, 100, 101, 102, 103, 104, 105, 106, 107, 108, 109, 110, 111, 112, 113, 114]}",,SSFR,senate
,European Affairs,Senate Committee on Foreign Relations,"{'Europe and Regional Security Cooperation': [97, 98, 99, 108]}",,01,
,African Affairs,Senate Committee on Foreign Relations,"{'African Affairs': [98, 99, 102, 103, 104, 106, 112]}",,09,
,East Asian and Pacific Affairs,Senate Committee on Foreign Relations,"{'East Asian and Pacific Affairs': [98, 99, 100, 105, 108, 113]}",,02,
,International Economic Policy,Senate Committee on Foreign Relations,"{'International Economic Policy': [98], 'International Economic Policy, Oceans and Environment': [99], 'International Economic Policy, Trade, Oceans and Environment': [100, 102, 103], 'International Economic Policy, Export and Trade Promotion': [105]}",,03,
,Near Eastern and South Asian Affairs,Senate Committee on Foreign Relations,"{'Near Eastern and South Asian Affairs': [98, 99, 100, 104, 106]}",,07,
,Western Hemisphere Affairs,Senate Committee on Foreign Relations,"{'Western Hemisphere Affairs': [98, 99], 'Western Hemisphere and Peace Corps Affairs': [100, 102, 104], 'Western Hemisphere, Peace Corps, Narcotics and Terrorism': [105], 'Western Hemisphere, Peace Corps and Narcotics Affairs': [107, 110]}",,06,
,"Terrorism, Narcotics and International Communications",Senate Committee on Foreign Relations,"{'Terrorism, Narcotics and International Communications': [100], 'Terrorism, Narcotics and International Operations': [103]}",,04,
,Senate Committee on Government Operations,,"{'Government Operations': [93, 94], 'Governmental Affairs': [95, 96, 97, 98, 99, 100, 101, 102, 103, 104, 105, 106, 107, 108], 'Homeland Security and Governmental Affairs': [109, 110, 111, 112, 113, 114]}",,SSGA,senate
,"Civil Service, Post Office, and General Services",Senate Committee on Government Operations,"{'Civil Service, Post Office, and General Services': [97, 98, 99], 'International Security, Proliferation and Federal Services': [105, 106, 107]}",,07,
,"Energy, Nuclear Proliferation and Government Processes",Senate Committee on Government Operations,"{'Energy, Nuclear Proliferation and Government Processes': [97, 98, 99], 'Financial Management and Accountability': [104]}",,06,
,Federal Expenditures,Senate Committee on Government Operations,"{'Federal Expenditures': [97], 'Information Management and Regulatory Affairs': [98], 'State, Local, and Private Sector Preparedness and Integration (Ad Hoc)': [110]}",,10,
,Governmental Efficiency and the District of Columbia,Senate Committee on Government Operations,"{'Governmental Efficiency and the District of Columbia': [97, 98, 99], 'Federal Services, Post Office, and Civil Service': [100, 101, 102], 'Post Office and Civil Service': [104]}",,05,
,Intergovernmental Relations,Senate Committee on Government Operations,"{'Intergovernmental Relations': [97, 98, 99], 'Federal Spending, Budget, and Accounting': [100], 'Government Information and Regulation': [102]}",,02,
,Oversight of Government Management,Senate Committee on Government Operations,"{'Oversight of Government Management': [97, 98, 99]}",,08,
,"Government Efficiency, Federalism, and the District of Columbia",Senate Committee on Government Operations,"{'Government Efficiency, Federalism, and the District of Columbia': [100], 'General Services, Federalism, and the District of Columbia': [101, 102]}",,04,
,Oversight of Government Management,Senate Committee on Government Operations,"{'Oversight of Government Management': [100, 101, 102, 103], 'Oversight of Government Management and the District of Columbia': [104], 'Oversight of Government Management, Restructuring and the District of Columbia': [105, 106], 'Oversight of Government Management, the Federal Workforce, and the District of Columbia': [107, 108, 109, 110, 111, 112]}",,03,
,"Financial Management, the Budget and International Security",Senate Committee on Government Operations,"{'Financial Management, the Budget and International Security': [108], 'Federal Financial Management, Government Information, Federal Services, and International Security': [109, 110, 111, 112]}",,09,
,Disaster Recovery (Ad Hoc),Senate Committee on Government Operations,"{'Disaster Recovery (Ad Hoc)': [110, 111]}",,11,
,Contracting Oversight (Ad Hoc),Senate Committee on Government Operations,"{'Contracting Oversight (Ad Hoc)': [111, 112]}",,13,
,Efficiency and Effectiveness of Federal Programs and the Federal Workforce,Senate Committee on Government Operations,{'Efficiency and Effectiveness of Federal Programs and the Federal Workforce': [113]},,16,
,and Federal Management,Senate Committee on Government Operations,{'and Federal Management': [114]},,19,
,Senate Committee on Interior and Insular Affairs,,"{'Interior and Insular Affairs': [93, 94], 'Energy and Natural Resources': [95, 96, 97, 98, 99, 100, 101, 102, 103, 104, 105, 106, 107, 108, 109, 110, 111, 112, 113, 114]}",,SSEG,senate
,Energy and Mineral Resources,Senate Committee on Interior and Insular Affairs,"{'Energy and Mineral Resources': [97, 98], 'Water and Power': [105, 106, 107, 108, 109, 110, 111, 112, 113, 114]}",,07,
,Energy Conservation and Supply,Senate Committee on Interior and Insular Affairs,"{'Energy Conservation and Supply': [97, 98], 'Public Lands, National Parks and Forests': [100, 101, 102, 103], 'Parks, Historic Preservation, and Recreation': [104], 'National Parks, Historic Preservation and Recreation': [105, 106], 'National Parks': [107, 108, 109, 110, 111, 112, 113, 114]}",,04,
,Energy Regulation,Senate Committee on Interior and Insular Affairs,"{'Energy Regulation': [97, 98], 'Energy Regulation and Conservation': [99], 'Mineral Resources Development and Production': [100, 101, 102, 103], 'Energy Production and Regulation': [104]}",,05,
,Energy Research and Development,Senate Committee on Interior and Insular Affairs,"{'Energy Research and Development': [97, 98, 99, 101, 102, 103, 104], 'Research and Development': [100], 'Energy Research, Development, Production and Regulation': [105, 106], 'Energy': [108, 110, 111, 112, 113]}",,01,
,"Public Lands, Reserved Water and Resource Conservation",Senate Committee on Interior and Insular Affairs,"{'Public Lands, Reserved Water and Resource Conservation': [97, 98, 99]}",,09,
,Water and Power,Senate Committee on Interior and Insular Affairs,"{'Water and Power': [97, 98, 99]}",,08,
,Natural Resources Development and Production,Senate Committee on Interior and Insular Affairs,{'Natural Resources Development and Production': [99]},,10,
,Energy Regulation and Conservation,Senate Committee on Interior and Insular Affairs,"{'Energy Regulation and Conservation': [100, 101, 102], 'Renewable Energy, Energy Efficiency, and Competitiveness': [103]}",,02,
,Water and Power,Senate Committee on Interior and Insular Affairs,"{'Water and Power': [100, 101, 102, 103], 'Forests and Public Land Management': [104, 105, 106], 'Public Lands and Forests': [107, 108, 109, 110, 111, 112], 'Public Lands, Forests, and Mining': [113, 114]}",,03,
,Senate Committee on Judiciary,,"{'Judiciary': [93, 94, 95, 96, 97, 98, 99, 100, 101, 102, 103, 104, 105, 106, 107, 108, 109, 110, 111, 112, 113, 114]}",,SSJU,senate
,Agency Administration,Senate Committee on Judiciary,"{'Agency Administration': [97], 'Privacy, Technology and the Law': [112, 113]}",,23,
,Constitution,Senate Committee on Judiciary,"{'Constitution': [97, 98, 99, 100, 101, 102, 103, 106, 107], 'Constitution, Federalism, and Property Rights': [104, 105], 'Constitution, Civil Rights and Property Rights': [108, 109]}",,03,
,Courts,Senate Committee on Judiciary,"{'Courts': [97, 98, 99], 'Human Rights and the Law': [111]}",,20,
,Criminal Law,Senate Committee on Judiciary,"{'Criminal Law': [97, 98, 99], 'Technology and the Law': [100, 101, 102, 103], 'Terrorism, Technology, and Government Information': [104]}",,05,
,Immigration and Refugee Policy,Senate Committee on Judiciary,"{'Immigration and Refugee Policy': [97, 98, 99], 'Constitution, Civil Rights and Human Rights': [112, 113, 114]}",,21,
,Juvenile Justice,Senate Committee on Judiciary,"{'Juvenile Justice': [97, 98, 99], 'Oversight, Federal Rights and Agency Action': [114]}",,25,
,Regulatory Reform,Senate Committee on Judiciary,{'Regulatory Reform': [97]},,19,
,Security and Terrorism,Senate Committee on Judiciary,"{'Security and Terrorism': [97, 98, 99], 'Bankruptcy and the Courts': [113]}",,24,
,Separation of Powers,Senate Committee on Judiciary,"{'Separation of Powers': [97, 98], 'Crime and Terrorism': [112, 113, 114]}",,22,
,Administrative Practice and Procedure,Senate Committee on Judiciary,"{'Administrative Practice and Procedure': [98, 99]}",,27,
,"Patents, Copyrights and Trademarks",Senate Committee on Judiciary,"{'Patents, Copyrights and Trademarks': [98, 99]}",,26,
,"Antitrust, Monopolies and Business Rights",Senate Committee on Judiciary,"{'Antitrust, Monopolies and Business Rights': [100, 101, 102, 103], 'Antitrust, Business Rights and Competition': [104, 105, 106], 'Antitrust, Competition and Business and Consumer Rights': [107], 'Antitrust, Competition Policy and Consumer Rights': [110, 113, 114]}",,01,
,Courts and Administrative Practice,Senate Committee on Judiciary,"{'Courts and Administrative Practice': [100, 101, 102, 103], 'Administrative Oversight and the Courts': [104, 105, 106, 108, 109, 112]}",,02,
,Immigration and Refugee Affairs,Senate Committee on Judiciary,"{'Immigration and Refugee Affairs': [100, 101, 102, 103], 'Immigration': [104, 105, 106, 107], 'Immigration, Refugees and Border Security': [112]}",,04,
,"Patents, Copyrights and Trademarks",Senate Committee on Judiciary,"{'Patents, Copyrights and Trademarks': [100, 101, 102, 103]}",,06,
,Juvenile Justice,Senate Committee on Judiciary,"{'Juvenile Justice': [102, 103], 'Youth Violence': [104, 105]}",,07,
,"Technology, Terrorism, and Government Information",Senate Committee on Judiciary,"{'Technology, Terrorism, and Government Information': [105, 106, 107], 'Terrorism, Technology and Homeland Security': [108, 109, 110]}",,09,
,Crime and Drugs,Senate Committee on Judiciary,{'Crime and Drugs': [107]},,12,
,Constitution,Senate Committee on Judiciary,"{'Constitution': [110, 111]}",,18,
,Crime and Drugs,Senate Committee on Judiciary,"{'Crime and Drugs': [110, 111]}",,15,
,Senate Committee on Labor and Public Welfare,,"{'Labor and Public Welfare': [93, 94], 'Human Resources': [95], 'Labor and Human Resources': [96, 97, 98, 99, 100, 101, 102, 103, 104, 105], 'Health, Education, Labor, and Pensions': [106, 107, 108, 109, 110, 111, 112, 113, 114]}",,SSHR,senate
,"Aging, Family, and Human Services",Senate Committee on Labor and Public Welfare,"{'Aging, Family, and Human Services': [97], 'Family and Human Services': [98], 'Children, Family, Drugs and Alcoholism': [99, 100, 101, 102, 103], 'Children and Families': [105]}",,06,
,Alcoholism and Drug Abuse,Senate Committee on Labor and Public Welfare,"{'Alcoholism and Drug Abuse': [97, 98], 'Public Health and Safety': [105], 'Public Health': [107]}",,07,
,"Education, Arts, and Humanities",Senate Committee on Labor and Public Welfare,"{'Education, Arts, and Humanities': [97, 98, 99], 'Employment and Training': [105], 'Employment, Safety, and Training': [106]}",,08,
,Employment and Productivity,Senate Committee on Labor and Public Welfare,"{'Employment and Productivity': [97, 98, 99, 100, 101, 102, 103]}",,04,
,Handicapped,Senate Committee on Labor and Public Welfare,"{'Handicapped': [97, 98, 99, 100, 101], 'Disability Policy': [102, 103]}",,02,
,Labor,Senate Committee on Labor and Public Welfare,"{'Labor': [97, 98, 99], 'Bioterrorism and Public Health Preparedness': [109]}",,10,
,Aging,Senate Committee on Labor and Public Welfare,"{'Aging': [98, 99], 'Employment and Workplace Safety': [111]}",,11,
,Aging,Senate Committee on Labor and Public Welfare,"{'Aging': [100, 101, 102, 103, 104, 107]}",,05,
,"Education, Arts and Humanities",Senate Committee on Labor and Public Welfare,"{'Education, Arts and Humanities': [100, 101, 102, 103, 104]}",,01,
,Labor,Senate Committee on Labor and Public Welfare,"{'Labor': [100, 101, 102, 103]}",,03,
,Education and Early Childhood Development,Senate Committee on Labor and Public Welfare,{'Education and Early Childhood Development': [109]},,09,
,Primary Health and Aging,Senate Committee on Labor and Public Welfare,"{'Primary Health and Aging': [112, 113]}",,12,
,Senate Committee on Public Works,,"{'Public Works': [93, 94], 'Environment and Public Works': [95, 96, 97, 98, 99, 100, 101, 102, 103, 104, 105, 106, 107, 108, 109, 110, 111, 112, 113, 114]}",,SSEV,senate
,Environmental Pollution,Senate Committee on Public Works,"{'Environmental Pollution': [97, 98, 99], 'Water Resources, Transportation and Infrastructure': [100, 101, 102], 'Water Resources, Transportation, Public Buildings, and Economic Development': [103]}",,01,
,Nuclear Regulation,Senate Committee on Public Works,"{'Nuclear Regulation': [97, 98, 99], 'Clean Water, Fisheries and Wildlife': [103]}",,06,
,Regional and Community Development,Senate Committee on Public Works,"{'Regional and Community Development': [97, 98], 'Superfund and Environmental Oversight': [100], 'Superfund, Ocean and Water Protection': [101, 102], 'Superfund, Recycling, and Solid Waste Management': [103]}",,04,
,Toxic Substances and Environmental Oversight,Senate Committee on Public Works,"{'Toxic Substances and Environmental Oversight': [97, 98, 99], 'Clean Air and Nuclear Regulation': [103]}",,07,
,Transportation,Senate Committee on Public Works,"{'Transportation': [97, 98, 99], 'Hazardous Wastes and Toxic Substances': [100], 'Toxic Substances, Environmental Oversight, Research and Development': [101, 102], 'Toxic Substances, Research and Development': [103]}",,03,
,Water Resources,Senate Committee on Public Works,"{'Water Resources': [97, 98, 99], 'Environmental Protection': [100, 101, 102]}",,02,
,Nuclear Regulation,Senate Committee on Public Works,"{'Nuclear Regulation': [100, 101]}",,05,
,"Clean Air, Wetlands, Private Property, and Nuclear Safety",Senate Committee on Public Works,"{'Clean Air, Wetlands, Private Property, and Nuclear Safety': [104, 105], 'Clean Air, Wetlands, and Climate Change': [107], 'Clean Air, Climate Change, and Nuclear Safety': [108, 109], 'Clean Air and Nuclear Safety': [111, 114]}",,10,
,"Drinking Water, Fisheries, and Wildlife",Senate Committee on Public Works,"{'Drinking Water, Fisheries, and Wildlife': [104], 'Fisheries, Wildlife, and Drinking Water': [106], 'Fisheries, Wildlife, and Water': [107, 108]}",,11,
,"Superfund, Waste Control, and Risk Assessment",Senate Committee on Public Works,"{'Superfund, Waste Control, and Risk Assessment': [104, 105, 106], 'Superfund, Toxics, Risk, and Waste Management': [107], 'Superfund and Waste Management': [109], 'Superfund, Waste Management, and Regulatory Oversight': [114]}",,09,
,Transportation and Infrastructure,Senate Committee on Public Works,"{'Transportation and Infrastructure': [104, 105, 106, 108]}",,08,
,Private Sector and Consumer Solutions to Global Warming and Wildlife Protection,Senate Committee on Public Works,{'Private Sector and Consumer Solutions to Global Warming and Wildlife Protection': [110]},,13,
,Water and Wildlife,Senate Committee on Public Works,"{'Water and Wildlife': [111, 112, 113], 'Fisheries, Water, and Wildlife': [114]}",,15,
,Senate Committee on Rules and Administration,,"{'Rules and Administration': [93, 94, 95, 96, 97, 98, 99, 100, 101, 102, 103, 104, 105, 106, 107, 108, 109, 110, 111, 112, 113, 114]}",,SSRA,senate
,Senate Committee on Veterans' Affairs,,"{""Veterans' Affairs"": [93, 94, 95, 96, 97, 98, 99, 100, 101, 102, 103, 104, 105, 106, 107, 108, 109, 110, 111, 112, 113, 114]}",,SSVA,senate
,House Committee on Budget,,"{'Budget': [94, 95, 96, 97, 98, 99, 100, 101, 102, 103, 104, 105, 106, 107, 108, 109, 110, 111, 112, 113, 114]}",,HSBU,house
,House Committee on Small Business,,"{'Small Business': [94, 95, 96, 97, 98, 99, 100, 101, 102, 103, 104, 105, 106, 107, 108, 109, 110, 111, 112, 113, 114]}",,HSSM,house
,"Energy, Environment, and Safety Issues Affecting Small Business",House Committee on Small Business,"{'Energy, Environment, and Safety Issues Affecting Small Business': [97, 98, 99], 'Energy and Agriculture': [100]}",,04,
,Export Opportunities & Special Small Business Problems,House Committee on Small Business,"{'Export Opportunities & Special Small Business Problems': [97, 98, 99], 'Exports, Tourism and Special Problems': [100]}",,06,
,General Oversight,House Committee on Small Business,"{'General Oversight': [97], 'General Oversight and the Economy': [98, 99], 'SBA, and the General Economy': [100]}",,02,
,"SBA and SBIC Authority, Minority Enterprise, and General Small Business",House Committee on Small Business,"{'SBA and SBIC Authority, Minority Enterprise, and General Small Business': [97, 98, 99], 'Procurement, Innovation and Minority Enterprise Development': [100]}",,01,
,"Tax, Access to Equity Capital and Business Opportunities",House Committee on Small Business,"{'Tax, Access to Equity Capital and Business Opportunities': [97, 98, 99]}",,05,
,Antitrust and Restraint of Trade Activities Affecting Small Business,House Committee on Small Business,"{'Antitrust and Restraint of Trade Activities Affecting Small Business': [98, 99]}",,03,
,"Procurement, Tourism, and Rural Development",House Committee on Small Business,"{'Procurement, Tourism, and Rural Development': [101, 102]}",,09,
,"Regulation, Business Opportunity, and Energy",House Committee on Small Business,"{'Regulation, Business Opportunity, and Energy': [101], 'Regulation, Business Opportunities, and Energy': [102]}",,11,
,"SBA, the General Economy and Minority Enterprise Development",House Committee on Small Business,"{'SBA, the General Economy and Minority Enterprise Development': [101, 102], 'SBA Legislation and the General Economy': [103]}",,07,
,Government Programs,House Committee on Small Business,{'Government Programs': [104]},,15,
,"Workforce, Empowerment, and Government Programs",House Committee on Small Business,"{'Workforce, Empowerment, and Government Programs': [107]}",,22,
,Contracting and Technology,House Committee on Small Business,{'Contracting and Technology': [111]},,23,
,Finance and Tax,House Committee on Small Business,{'Finance and Tax': [111]},,19,
,Investigations and Oversight,House Committee on Small Business,{'Investigations and Oversight': [111]},,24,
,Regulations and Healthcare,House Committee on Small Business,{'Regulations and Healthcare': [111]},,17,
,"Rural Development, Entrepreneurship and Trade",House Committee on Small Business,"{'Rural Development, Entrepreneurship and Trade': [111]}",,21,
,Senate Committee on Intelligence (Select),,"{'Intelligence (Select)': [94, 95, 96, 97, 98, 99, 100, 101, 102, 103, 104, 105, 106, 107, 108, 109, 110, 111, 112, 113, 114]}",,SLIN,senate
,Senate Committee on Standards and Conduct (Select),,"{'Standards and Conduct (Select)': [94], 'Ethics (Select)': [95, 96, 97, 101, 103, 104]}",,SLET,senate
,House Committee on Intelligence (Permanent Select),,"{'Intelligence (Permanent Select)': [95, 96, 97, 98, 99, 100, 101, 102, 103, 104, 105, 106, 107, 108, 109, 110, 111, 112, 113, 114]}",,HLIG,house
,Legislation,House Committee on Intelligence (Permanent Select),"{'Legislation': [97, 98, 100, 103]}",,02,
,Program and Budget Authorization,House Committee on Intelligence (Permanent Select),"{'Program and Budget Authorization': [97, 103]}",,01,
,Senate Committee on Indian Affairs (Select),,"{'Indian Affairs (Select)': [95, 96, 97], 'Indian Affairs (Permanent Select)': [98, 99, 100, 101, 102], 'Indian Affairs': [103, 104, 105, 106, 107, 108, 109, 110, 111, 112, 113, 114]}",,SLIA,senate
,Senate Committee on Small Business (Select),,"{'Small Business (Select)': [95, 96], 'Small Business': [97, 98, 99, 100, 101, 102, 103, 104, 105, 106], 'Small Business and Entrepreneurship': [107, 108, 109, 110, 111, 112, 113, 114]}",,SSSB,senate
,Innovation and Technology,Senate Committee on Small Business (Select),{'Innovation and Technology': [97]},,06,
,Rural Economy and Family Farming,Senate Committee on Small Business (Select),{'Rural Economy and Family Farming': [101]},,03,
,House Committee on Homeland Security (Select),,"{'Homeland Security (Select)': [107, 108], 'Homeland Security': [109, 110, 111, 112, 113, 114]}",,HSHM,house
,"Cybersecurity, Science, and Research and Development",House Committee on Homeland Security (Select),"{'Cybersecurity, Science, and Research and Development': [108]}",,04,
,Emergency Preparedness and Response,House Committee on Homeland Security (Select),{'Emergency Preparedness and Response': [108]},,03,
,Infrastructure and Border Security,House Committee on Homeland Security (Select),{'Infrastructure and Border Security': [108]},,01,
,Intelligence and Counterterrorism,House Committee on Homeland Security (Select),"{'Intelligence and Counterterrorism': [108], 'Intelligence, Information Sharing, and Terrorism Risk Assessment': [109, 110, 111], 'Counterterrorism and Intelligence': [112, 113, 114]}",,05,
,"Economic Security, Infrastructure Protection, and Cybersecurity",House Committee on Homeland Security (Select),"{'Economic Security, Infrastructure Protection, and Cybersecurity': [109], 'Transportation Security and Infrastructure Protection': [110, 111], 'Transportation Security': [112, 113, 114]}",,07,
,"Emergency Preparedness, Science, and Technology",House Committee on Homeland Security (Select),"{'Emergency Preparedness, Science, and Technology': [109], 'Emerging Threats, Cybersecurity, and Science and Technology': [110, 111], 'Cybersecurity, Infrastructure Protection, and Security Technologies': [112, 113, 114]}",,08,
,"Management, Integration, and Oversight",House Committee on Homeland Security (Select),"{'Management, Integration, and Oversight': [109], 'Management, Investigations, and Oversight': [110, 111], 'Oversight, Investigations, and Management': [112], 'Oversight and Management Efficiency': [113, 114]}",,09,
,Prevention of Nuclear and Biological Attack,House Committee on Homeland Security (Select),{'Prevention of Nuclear and Biological Attack': [109]},,06,
,"Border, Maritime, and Global Counterterrorism",House Committee on Homeland Security (Select),"{'Border, Maritime, and Global Counterterrorism': [110, 111], 'Border and Maritime Security': [112, 113, 114]}",,11,
,"Emergency Communications, Preparedness, and Response",House Committee on Homeland Security (Select),"{'Emergency Communications, Preparedness, and Response': [110, 111], 'Emergency Preparedness, Response, and Communications': [112, 113, 114]}",,12,
,Commission on Security and Cooperation in Europe (Helsinki Commission),,"{'Commission on Security and Cooperation in Europe (Helsinki Commission)': [112, 113]}",,JCSE,senate
,Senate Committee on Caucus on International Narcotics Control,,"{'Caucus on International Narcotics Control': [112, 113, 114]}",,SCNC,senate
