Series Name,Series Code,Country Name,Country Code,1990 [YR1990],2001 [YR2001],2002 [YR2002],2003 [YR2003],2004 [YR2004],2008 [YR2008],2009 [YR2009],2010 [YR2010],2011 [YR2011],2012 [YR2012],2013 [YR2013],2014 [YR2014],2015 [YR2015],2016 [YR2016],2017 [YR2017],2018 [YR2018],2019 [YR2019],2020 [YR2020]
Poverty headcount ratio at $1.90 a day (2011 PPP) (% of population),SI.POV.DDAY,Afghanistan,AFG,..,..,..,..,..,..,..,..,..,..,..,..,..,..,..,..,..,..
Poverty headcount ratio at $1.90 a day (2011 PPP) (% of population),SI.POV.DDAY,Albania,ALB,..,..,1.6,..,..,0.3,..,..,..,0.8,..,1.6,1.1,0.9,1.3,..,..,..
Poverty headcount ratio at $1.90 a day (2011 PPP) (% of population),SI.POV.DDAY,Algeria,DZA,..,..,..,..,..,..,..,..,0.4,..,..,..,..,..,..,..,..,..
Poverty headcount ratio at $1.90 a day (2011 PPP) (% of population),SI.POV.DDAY,American Samoa,ASM,..,..,..,..,..,..,..,..,..,..,..,..,..,..,..,..,..,..
Poverty headcount ratio at $1.90 a day (2011 PPP) (% of population),SI.POV.DDAY,Andorra,AND,..,..,..,..,..,..,..,..,..,..,..,..,..,..,..,..,..,..
Poverty headcount ratio at $1.90 a day (2011 PPP) (% of population),SI.POV.DDAY,Angola,AGO,..,..,..,..,..,34.4,..,..,..,..,..,..,..,..,..,51.8,..,..
Poverty headcount ratio at $1.90 a day (2011 PPP) (% of population),SI.POV.DDAY,Antigua and Barbuda,ATG,..,..,..,..,..,..,..,..,..,..,..,..,..,..,..,..,..,..
Poverty headcount ratio at $1.90 a day (2011 PPP) (% of population),SI.POV.DDAY,Argentina,ARG,..,10.7,16.9,8.4,6.4,3.3,3,2.8,1.1,1.1,1,0.9,..,1,0.8,1.3,..,..
Poverty headcount ratio at $1.90 a day (2011 PPP) (% of population),SI.POV.DDAY,Armenia,ARM,..,14.4,10.5,7.9,5.5,0.9,1.3,1,1.2,0.9,1.8,1.5,1.3,1.2,0.9,1.4,..,..
Poverty headcount ratio at $1.90 a day (2011 PPP) (% of population),SI.POV.DDAY,Aruba,ABW,..,..,..,..,..,..,..,..,..,..,..,..,..,..,..,..,..,..
Poverty headcount ratio at $1.90 a day (2011 PPP) (% of population),SI.POV.DDAY,Australia,AUS,..,0.7,..,1,0.5,0.4,..,0.3,..,..,..,0.5,..,..,..,..,..,..
Poverty headcount ratio at $1.90 a day (2011 PPP) (% of population),SI.POV.DDAY,Austria,AUT,..,..,..,0.3,0.1,0.5,0.7,0.5,0.4,0.6,0.3,0.2,0.7,0.7,0.3,..,..,..
Poverty headcount ratio at $1.90 a day (2011 PPP) (% of population),SI.POV.DDAY,Azerbaijan,AZE,..,2.6,0,0,0,..,..,..,..,..,..,..,..,..,..,..,..,..
Poverty headcount ratio at $1.90 a day (2011 PPP) (% of population),SI.POV.DDAY,"Bahamas, The",BHS,..,..,..,..,..,..,..,..,..,..,..,..,..,..,..,..,..,..
Poverty headcount ratio at $1.90 a day (2011 PPP) (% of population),SI.POV.DDAY,Bahrain,BHR,..,..,..,..,..,..,..,..,..,..,..,..,..,..,..,..,..,..
Poverty headcount ratio at $1.90 a day (2011 PPP) (% of population),SI.POV.DDAY,Bangladesh,BGD,..,..,..,..,..,..,..,19.4,..,..,..,..,..,14.5,..,..,..,..
Poverty headcount ratio at $1.90 a day (2011 PPP) (% of population),SI.POV.DDAY,Barbados,BRB,..,..,..,..,..,..,..,..,..,..,..,..,..,..,..,..,..,..
Poverty headcount ratio at $1.90 a day (2011 PPP) (% of population),SI.POV.DDAY,Belarus,BLR,..,3.2,2.1,1.4,0.3,0,0,0,0,0,0,0,0,0,0,0,..,..
Poverty headcount ratio at $1.90 a day (2011 PPP) (% of population),SI.POV.DDAY,Belgium,BEL,..,..,..,0.3,0.1,0.1,0.1,0.1,0.2,0.2,0.1,0.1,0.1,0.1,0.1,..,..,..
Poverty headcount ratio at $1.90 a day (2011 PPP) (% of population),SI.POV.DDAY,Belize,BLZ,..,..,..,..,..,..,..,..,..,..,..,..,..,..,..,..,..,..
Poverty headcount ratio at $1.90 a day (2011 PPP) (% of population),SI.POV.DDAY,Benin,BEN,..,..,..,48.9,..,..,..,..,53.2,..,..,..,49.6,..,..,..,..,..
Poverty headcount ratio at $1.90 a day (2011 PPP) (% of population),SI.POV.DDAY,Bermuda,BMU,..,..,..,..,..,..,..,..,..,..,..,..,..,..,..,..,..,..
Poverty headcount ratio at $1.90 a day (2011 PPP) (% of population),SI.POV.DDAY,Bhutan,BTN,..,..,..,17.8,..,..,..,..,..,2.2,..,..,..,..,1.5,..,..,..
Poverty headcount ratio at $1.90 a day (2011 PPP) (% of population),SI.POV.DDAY,Bolivia,BOL,..,22.8,24.6,..,13.6,11,10.3,..,7.2,8.1,6.9,5.7,6.3,7,5.8,4.5,..,..
Poverty headcount ratio at $1.90 a day (2011 PPP) (% of population),SI.POV.DDAY,Bosnia and Herzegovina,BIH,..,0.3,..,..,0.2,..,..,..,0.1,..,..,..,..,..,..,..,..,..
Poverty headcount ratio at $1.90 a day (2011 PPP) (% of population),SI.POV.DDAY,Botswana,BWA,..,..,28.2,..,..,..,17.2,..,..,..,..,..,14.5,..,..,..,..,..
Poverty headcount ratio at $1.90 a day (2011 PPP) (% of population),SI.POV.DDAY,Brazil,BRA,21.5,11.5,10.2,11,9.7,5.5,5.4,..,4.7,3.7,3.1,2.7,3.2,3.9,4.4,4.4,..,..
Poverty headcount ratio at $1.90 a day (2011 PPP) (% of population),SI.POV.DDAY,British Virgin Islands,VGB,..,..,..,..,..,..,..,..,..,..,..,..,..,..,..,..,..,..
Poverty headcount ratio at $1.90 a day (2011 PPP) (% of population),SI.POV.DDAY,Brunei Darussalam,BRN,..,..,..,..,..,..,..,..,..,..,..,..,..,..,..,..,..,..
Poverty headcount ratio at $1.90 a day (2011 PPP) (% of population),SI.POV.DDAY,Bulgaria,BGR,..,..,..,..,..,1.2,1.3,2,2.4,2.2,1.8,1.6,3.4,1.9,1.4,..,..,..
Poverty headcount ratio at $1.90 a day (2011 PPP) (% of population),SI.POV.DDAY,Burkina Faso,BFA,..,..,..,57.4,..,..,55.4,..,..,..,..,43.8,..,..,..,..,..,..
Poverty headcount ratio at $1.90 a day (2011 PPP) (% of population),SI.POV.DDAY,Burundi,BDI,..,..,..,..,..,..,..,..,..,..,72.8,..,..,..,..,..,..,..
Poverty headcount ratio at $1.90 a day (2011 PPP) (% of population),SI.POV.DDAY,Cabo Verde,CPV,..,16.6,..,..,..,..,..,..,..,..,..,..,3.4,..,..,..,..,..
Poverty headcount ratio at $1.90 a day (2011 PPP) (% of population),SI.POV.DDAY,Cambodia,KHM,..,..,..,..,..,..,..,..,..,..,..,..,..,..,..,..,..,..
Poverty headcount ratio at $1.90 a day (2011 PPP) (% of population),SI.POV.DDAY,Cameroon,CMR,..,26,..,..,..,..,..,..,..,..,..,26,..,..,..,..,..,..
Poverty headcount ratio at $1.90 a day (2011 PPP) (% of population),SI.POV.DDAY,Canada,CAN,..,..,..,..,0.2,..,..,0.2,..,..,0.5,..,..,..,0.2,..,..,..
Poverty headcount ratio at $1.90 a day (2011 PPP) (% of population),SI.POV.DDAY,Cayman Islands,CYM,..,..,..,..,..,..,..,..,..,..,..,..,..,..,..,..,..,..
Poverty headcount ratio at $1.90 a day (2011 PPP) (% of population),SI.POV.DDAY,Central African Republic,CAF,..,..,..,64.4,..,65.9,..,..,..,..,..,..,..,..,..,..,..,..
Poverty headcount ratio at $1.90 a day (2011 PPP) (% of population),SI.POV.DDAY,Chad,TCD,..,..,..,62.7,..,..,..,..,38.1,..,..,..,..,..,..,..,..,..
Poverty headcount ratio at $1.90 a day (2011 PPP) (% of population),SI.POV.DDAY,Channel Islands,CHI,..,..,..,..,..,..,..,..,..,..,..,..,..,..,..,..,..,..
Poverty headcount ratio at $1.90 a day (2011 PPP) (% of population),SI.POV.DDAY,Chile,CHL,7.9,..,..,4,..,..,1.3,..,0.6,..,0.4,..,0.3,..,0.3,..,..,..
Poverty headcount ratio at $1.90 a day (2011 PPP) (% of population),SI.POV.DDAY,China,CHN,66.3,..,31.7,..,..,14.9,..,11.2,7.9,6.5,1.9,1.4,0.7,0.5,..,..,..,..
Poverty headcount ratio at $1.90 a day (2011 PPP) (% of population),SI.POV.DDAY,Colombia,COL,..,19.9,14.5,12.2,11.1,10.6,9.1,7.9,6.4,6.3,5.8,5.2,4.7,4.7,4,4.2,..,..
Poverty headcount ratio at $1.90 a day (2011 PPP) (% of population),SI.POV.DDAY,Comoros,COM,..,..,..,..,15,..,..,..,..,..,..,19.1,..,..,..,..,..,..
Poverty headcount ratio at $1.90 a day (2011 PPP) (% of population),SI.POV.DDAY,"Congo, Dem. Rep.",COD,..,..,..,..,94.3,..,..,..,..,77.2,..,..,..,..,..,..,..,..
Poverty headcount ratio at $1.90 a day (2011 PPP) (% of population),SI.POV.DDAY,"Congo, Rep.",COG,..,..,..,..,..,..,..,..,38.2,..,..,..,..,..,..,..,..,..
Poverty headcount ratio at $1.90 a day (2011 PPP) (% of population),SI.POV.DDAY,Costa Rica,CRI,10.2,4.9,4.6,4.5,4.4,2.3,2.4,1.6,1.7,1.7,1.6,1.5,1.5,1.3,1.1,1.5,..,..
Poverty headcount ratio at $1.90 a day (2011 PPP) (% of population),SI.POV.DDAY,Cote d'Ivoire,CIV,..,..,24.4,..,..,30.4,..,..,..,..,..,..,29.8,..,..,..,..,..
Poverty headcount ratio at $1.90 a day (2011 PPP) (% of population),SI.POV.DDAY,Croatia,HRV,..,..,..,..,..,..,0.9,1.2,0.7,0.8,0.7,1,0.6,0.6,0.5,..,..,..
Poverty headcount ratio at $1.90 a day (2011 PPP) (% of population),SI.POV.DDAY,Cuba,CUB,..,..,..,..,..,..,..,..,..,..,..,..,..,..,..,..,..,..
Poverty headcount ratio at $1.90 a day (2011 PPP) (% of population),SI.POV.DDAY,Curacao,CUW,..,..,..,..,..,..,..,..,..,..,..,..,..,..,..,..,..,..
Poverty headcount ratio at $1.90 a day (2011 PPP) (% of population),SI.POV.DDAY,Cyprus,CYP,..,..,..,..,0.1,0,0.1,0,0,0,0.1,0.1,0,0,0,..,..,..
Poverty headcount ratio at $1.90 a day (2011 PPP) (% of population),SI.POV.DDAY,Czech Republic,CZE,..,..,0,..,0,0,0,0,0,0,0,0,0,0,0,..,..,..
Poverty headcount ratio at $1.90 a day (2011 PPP) (% of population),SI.POV.DDAY,Denmark,DNK,..,..,..,0.3,0.3,0.1,0.5,0.1,0,0,0.3,0.2,0.2,0.3,0.1,..,..,..
Poverty headcount ratio at $1.90 a day (2011 PPP) (% of population),SI.POV.DDAY,Djibouti,DJI,..,..,20.2,..,..,..,..,..,..,18.2,22.3,..,..,..,17,..,..,..
Poverty headcount ratio at $1.90 a day (2011 PPP) (% of population),SI.POV.DDAY,Dominica,DMA,..,..,..,..,..,..,..,..,..,..,..,..,..,..,..,..,..,..
Poverty headcount ratio at $1.90 a day (2011 PPP) (% of population),SI.POV.DDAY,Dominican Republic,DOM,..,3.9,5.6,6.7,8.5,3.7,3.2,2.5,2.9,2.6,2.2,2.1,1.8,1.6,0.7,0.4,..,..
Poverty headcount ratio at $1.90 a day (2011 PPP) (% of population),SI.POV.DDAY,Ecuador,ECU,..,..,..,14.5,15.1,7.5,7.2,5.6,4.7,4.5,3.2,2.6,3.5,3.6,3.2,3.3,..,..
Poverty headcount ratio at $1.90 a day (2011 PPP) (% of population),SI.POV.DDAY,"Egypt, Arab Rep.",EGY,8.7,..,..,..,5.2,4.7,..,2.2,..,1.5,..,..,1.6,..,3.8,..,..,..
Poverty headcount ratio at $1.90 a day (2011 PPP) (% of population),SI.POV.DDAY,El Salvador,SLV,..,13.6,14.1,15,11,7,6.8,5.7,4.7,4.2,3.4,3.1,2,2.3,1.9,1.5,..,..
Poverty headcount ratio at $1.90 a day (2011 PPP) (% of population),SI.POV.DDAY,Equatorial Guinea,GNQ,..,..,..,..,..,..,..,..,..,..,..,..,..,..,..,..,..,..
Poverty headcount ratio at $1.90 a day (2011 PPP) (% of population),SI.POV.DDAY,Eritrea,ERI,..,..,..,..,..,..,..,..,..,..,..,..,..,..,..,..,..,..
Poverty headcount ratio at $1.90 a day (2011 PPP) (% of population),SI.POV.DDAY,Estonia,EST,..,..,..,2.3,1,0.4,0.6,0.7,1,0.7,0.8,0.7,0.6,0.5,0.3,..,..,..
Poverty headcount ratio at $1.90 a day (2011 PPP) (% of population),SI.POV.DDAY,Eswatini,SWZ,..,..,..,..,..,..,43,..,..,..,..,..,..,29.2,..,..,..,..
Poverty headcount ratio at $1.90 a day (2011 PPP) (% of population),SI.POV.DDAY,Ethiopia,ETH,..,..,..,..,39.2,..,..,35.2,..,..,..,..,32.6,..,..,..,..,..
Poverty headcount ratio at $1.90 a day (2011 PPP) (% of population),SI.POV.DDAY,Faroe Islands,FRO,..,..,..,..,..,..,..,..,..,..,..,..,..,..,..,..,..,..
Poverty headcount ratio at $1.90 a day (2011 PPP) (% of population),SI.POV.DDAY,Fiji,FJI,..,..,2.3,..,..,1.6,..,..,..,..,0.5,..,..,..,..,..,..,..
Poverty headcount ratio at $1.90 a day (2011 PPP) (% of population),SI.POV.DDAY,Finland,FIN,..,..,..,0,0,0.1,0.1,0,0,0.1,0.1,0.1,0.1,0,0.1,..,..,..
Poverty headcount ratio at $1.90 a day (2011 PPP) (% of population),SI.POV.DDAY,France,FRA,..,..,..,0.2,0,0,0,0.1,0,0.1,0.1,0,0.1,0.1,0,..,..,..
Poverty headcount ratio at $1.90 a day (2011 PPP) (% of population),SI.POV.DDAY,French Polynesia,PYF,..,..,..,..,..,..,..,..,..,..,..,..,..,..,..,..,..,..
Poverty headcount ratio at $1.90 a day (2011 PPP) (% of population),SI.POV.DDAY,Gabon,GAB,..,..,..,..,..,..,..,..,..,..,..,..,..,..,3.4,..,..,..
Poverty headcount ratio at $1.90 a day (2011 PPP) (% of population),SI.POV.DDAY,"Gambia, The",GMB,..,..,..,46.1,..,..,..,25.4,..,..,..,..,10.3,..,..,..,..,..
Poverty headcount ratio at $1.90 a day (2011 PPP) (% of population),SI.POV.DDAY,Georgia,GEO,..,19,10.3,10.4,9.9,10.2,10.1,12,11.1,8.5,6.4,4.9,3.7,3.8,5,4.5,..,..
Poverty headcount ratio at $1.90 a day (2011 PPP) (% of population),SI.POV.DDAY,Germany,DEU,..,0,0,0,0,0.2,0,0,0,..,0,..,0,0,..,..,..,..
Poverty headcount ratio at $1.90 a day (2011 PPP) (% of population),SI.POV.DDAY,Ghana,GHA,..,..,..,..,..,..,..,..,..,11.6,..,..,..,13,..,..,..,..
Poverty headcount ratio at $1.90 a day (2011 PPP) (% of population),SI.POV.DDAY,Gibraltar,GIB,..,..,..,..,..,..,..,..,..,..,..,..,..,..,..,..,..,..
Poverty headcount ratio at $1.90 a day (2011 PPP) (% of population),SI.POV.DDAY,Greece,GRC,..,..,..,0.5,0.7,0.3,0.6,1,1.2,1.5,1,1.5,1.4,1.1,0.9,..,..,..
Poverty headcount ratio at $1.90 a day (2011 PPP) (% of population),SI.POV.DDAY,Greenland,GRL,..,..,..,..,..,..,..,..,..,..,..,..,..,..,..,..,..,..
Poverty headcount ratio at $1.90 a day (2011 PPP) (% of population),SI.POV.DDAY,Grenada,GRD,..,..,..,..,..,..,..,..,..,..,..,..,..,..,..,..,..,..
Poverty headcount ratio at $1.90 a day (2011 PPP) (% of population),SI.POV.DDAY,Guam,GUM,..,..,..,..,..,..,..,..,..,..,..,..,..,..,..,..,..,..
Poverty headcount ratio at $1.90 a day (2011 PPP) (% of population),SI.POV.DDAY,Guatemala,GTM,..,..,..,..,..,..,..,..,..,..,..,8.8,..,..,..,..,..,..
Poverty headcount ratio at $1.90 a day (2011 PPP) (% of population),SI.POV.DDAY,Guinea,GIN,..,..,63,..,..,..,..,..,..,36.1,..,..,..,..,..,..,..,..
Poverty headcount ratio at $1.90 a day (2011 PPP) (% of population),SI.POV.DDAY,Guinea-Bissau,GNB,..,..,56.6,..,..,..,..,68.4,..,..,..,..,..,..,..,..,..,..
Poverty headcount ratio at $1.90 a day (2011 PPP) (% of population),SI.POV.DDAY,Guyana,GUY,..,..,..,..,..,..,..,..,..,..,..,..,..,..,..,..,..,..
Poverty headcount ratio at $1.90 a day (2011 PPP) (% of population),SI.POV.DDAY,Haiti,HTI,..,..,..,..,..,..,..,..,..,24.5,..,..,..,..,..,..,..,..
Poverty headcount ratio at $1.90 a day (2011 PPP) (% of population),SI.POV.DDAY,Honduras,HND,45,22,23.9,28.5,27.7,16.9,14.2,15.6,17.4,20.1,17.7,16.4,16.6,18.4,17.6,16.9,..,..
Poverty headcount ratio at $1.90 a day (2011 PPP) (% of population),SI.POV.DDAY,"Hong Kong SAR, China",HKG,..,..,..,..,..,..,..,..,..,..,..,..,..,..,..,..,..,..
Poverty headcount ratio at $1.90 a day (2011 PPP) (% of population),SI.POV.DDAY,Hungary,HUN,..,..,..,..,0.1,0,0.1,0.1,0.1,0.3,0.1,0.6,0.6,1.3,0.6,..,..,..
Poverty headcount ratio at $1.90 a day (2011 PPP) (% of population),SI.POV.DDAY,Iceland,ISL,..,..,..,0,0.2,0.1,0.1,0.1,0.1,0,0,0,0,..,..,..,..,..
Poverty headcount ratio at $1.90 a day (2011 PPP) (% of population),SI.POV.DDAY,India,IND,..,..,..,..,39.9,..,32.8,..,22.5,..,..,..,..,..,..,..,..,..
Poverty headcount ratio at $1.90 a day (2011 PPP) (% of population),SI.POV.DDAY,Indonesia,IDN,54.9,31.2,19,19.3,21,19,15.5,13.3,10.9,9.5,7.3,6.2,5.8,5.2,4.5,3.6,..,..
Poverty headcount ratio at $1.90 a day (2011 PPP) (% of population),SI.POV.DDAY,"Iran, Islamic Rep.",IRN,6.7,..,..,..,..,..,1.1,..,..,..,0.1,0.4,0.4,0.4,0.3,..,..,..
Poverty headcount ratio at $1.90 a day (2011 PPP) (% of population),SI.POV.DDAY,Iraq,IRQ,..,..,..,..,..,..,..,..,..,1.7,..,..,..,..,..,..,..,..
Poverty headcount ratio at $1.90 a day (2011 PPP) (% of population),SI.POV.DDAY,Ireland,IRL,..,..,..,0.1,0,0.2,0.4,0.5,0.5,0.2,0.7,0.4,0.3,0.1,..,..,..,..
Poverty headcount ratio at $1.90 a day (2011 PPP) (% of population),SI.POV.DDAY,Isle of Man,IMN,..,..,..,..,..,..,..,..,..,..,..,..,..,..,..,..,..,..
Poverty headcount ratio at $1.90 a day (2011 PPP) (% of population),SI.POV.DDAY,Israel,ISR,..,0.2,..,..,..,..,..,0.2,..,0.5,..,0.5,..,0.2,..,..,..,..
Poverty headcount ratio at $1.90 a day (2011 PPP) (% of population),SI.POV.DDAY,Italy,ITA,..,..,..,0.8,0.6,0.7,0.9,1.3,1.2,1.2,1.4,1.2,1.9,1.6,1.4,..,..,..
Poverty headcount ratio at $1.90 a day (2011 PPP) (% of population),SI.POV.DDAY,Jamaica,JAM,4.6,..,2.7,..,1.7,..,..,..,..,..,..,..,..,..,..,..,..,..
Poverty headcount ratio at $1.90 a day (2011 PPP) (% of population),SI.POV.DDAY,Japan,JPN,..,..,..,..,..,0.5,..,0,..,..,0.7,..,..,..,..,..,..,..
Poverty headcount ratio at $1.90 a day (2011 PPP) (% of population),SI.POV.DDAY,Jordan,JOR,..,..,1,..,..,0.1,..,0.1,..,..,..,..,..,..,..,..,..,..
Poverty headcount ratio at $1.90 a day (2011 PPP) (% of population),SI.POV.DDAY,Kazakhstan,KAZ,..,8.9,5.6,3.7,1.7,0,0.1,0.1,0,0,0,0,0,0,0,..,..,..
Poverty headcount ratio at $1.90 a day (2011 PPP) (% of population),SI.POV.DDAY,Kenya,KEN,..,..,..,..,..,..,..,..,..,..,..,..,37.1,..,..,..,..,..
Poverty headcount ratio at $1.90 a day (2011 PPP) (% of population),SI.POV.DDAY,Kiribati,KIR,..,..,..,..,..,..,..,..,..,..,..,..,..,..,..,..,..,..
Poverty headcount ratio at $1.90 a day (2011 PPP) (% of population),SI.POV.DDAY,"Korea, Dem. People’s Rep.",PRK,..,..,..,..,..,..,..,..,..,..,..,..,..,..,..,..,..,..
Poverty headcount ratio at $1.90 a day (2011 PPP) (% of population),SI.POV.DDAY,"Korea, Rep.",KOR,..,..,..,..,..,0.2,..,0.5,..,0.2,..,..,..,..,..,..,..,..
Poverty headcount ratio at $1.90 a day (2011 PPP) (% of population),SI.POV.DDAY,Kosovo,XKX,..,..,..,1.9,..,..,3.2,2.5,1.7,0.6,0.3,1,0.7,0.8,0.4,..,..,..
Poverty headcount ratio at $1.90 a day (2011 PPP) (% of population),SI.POV.DDAY,Kuwait,KWT,..,..,..,..,..,..,..,..,..,..,..,..,..,..,..,..,..,..
Poverty headcount ratio at $1.90 a day (2011 PPP) (% of population),SI.POV.DDAY,Kyrgyz Republic,KGZ,..,31.4,28.3,22.3,9.9,2.9,1.4,2.8,0.9,2.5,2.2,0.9,1.8,1,1.1,0.6,..,..
Poverty headcount ratio at $1.90 a day (2011 PPP) (% of population),SI.POV.DDAY,Lao PDR,LAO,..,..,31.8,..,..,..,..,..,..,21.2,..,..,..,..,..,..,..,..
Poverty headcount ratio at $1.90 a day (2011 PPP) (% of population),SI.POV.DDAY,Latvia,LVA,..,..,..,..,2.4,1.2,1.7,1.6,1,1,1.1,0.8,0.6,0.6,0.8,..,..,..
Poverty headcount ratio at $1.90 a day (2011 PPP) (% of population),SI.POV.DDAY,Lebanon,LBN,..,..,..,..,..,..,..,..,0,..,..,..,..,..,..,..,..,..
Poverty headcount ratio at $1.90 a day (2011 PPP) (% of population),SI.POV.DDAY,Lesotho,LSO,..,..,61.9,..,..,..,..,..,..,..,..,..,..,..,27.8,..,..,..
Poverty headcount ratio at $1.90 a day (2011 PPP) (% of population),SI.POV.DDAY,Liberia,LBR,..,..,..,..,..,..,..,..,..,..,..,41.7,..,44.4,..,..,..,..
Poverty headcount ratio at $1.90 a day (2011 PPP) (% of population),SI.POV.DDAY,Libya,LBY,..,..,..,..,..,..,..,..,..,..,..,..,..,..,..,..,..,..
Poverty headcount ratio at $1.90 a day (2011 PPP) (% of population),SI.POV.DDAY,Liechtenstein,LIE,..,..,..,..,..,..,..,..,..,..,..,..,..,..,..,..,..,..
Poverty headcount ratio at $1.90 a day (2011 PPP) (% of population),SI.POV.DDAY,Lithuania,LTU,..,..,..,..,2.7,1.4,2.2,1.5,0.7,0.9,0.7,1.3,0.7,1.3,1,..,..,..
Poverty headcount ratio at $1.90 a day (2011 PPP) (% of population),SI.POV.DDAY,Luxembourg,LUX,..,..,..,0.1,0,0,0,0,0.1,0,0.1,0.1,0.3,0.1,0.3,..,..,..
Poverty headcount ratio at $1.90 a day (2011 PPP) (% of population),SI.POV.DDAY,"Macao SAR, China",MAC,..,..,..,..,..,..,..,..,..,..,..,..,..,..,..,..,..,..
Poverty headcount ratio at $1.90 a day (2011 PPP) (% of population),SI.POV.DDAY,Madagascar,MDG,..,68.4,..,..,..,..,..,78.2,..,77.4,..,..,..,..,..,..,..,..
Poverty headcount ratio at $1.90 a day (2011 PPP) (% of population),SI.POV.DDAY,Malawi,MWI,..,..,..,..,73.9,..,..,72.3,..,..,..,..,..,70.8,..,..,..,..
Poverty headcount ratio at $1.90 a day (2011 PPP) (% of population),SI.POV.DDAY,Malaysia,MYS,..,..,..,..,0.4,0.6,..,..,0.1,..,0,..,0,..,..,..,..,..
Poverty headcount ratio at $1.90 a day (2011 PPP) (% of population),SI.POV.DDAY,Maldives,MDV,..,..,6.5,..,..,..,3.5,..,..,..,..,..,..,0,..,..,..,..
Poverty headcount ratio at $1.90 a day (2011 PPP) (% of population),SI.POV.DDAY,Mali,MLI,..,58.8,..,..,..,..,50.3,..,..,..,..,..,..,..,..,..,..,..
Poverty headcount ratio at $1.90 a day (2011 PPP) (% of population),SI.POV.DDAY,Malta,MLT,..,..,..,..,..,0.1,0.4,0.2,0.2,0.1,0,0,0.1,0.1,0.2,..,..,..
Poverty headcount ratio at $1.90 a day (2011 PPP) (% of population),SI.POV.DDAY,Marshall Islands,MHL,..,..,..,..,..,..,..,..,..,..,..,..,..,..,..,..,..,..
Poverty headcount ratio at $1.90 a day (2011 PPP) (% of population),SI.POV.DDAY,Mauritania,MRT,..,..,..,..,14.4,10.8,..,..,..,..,..,6,..,..,..,..,..,..
Poverty headcount ratio at $1.90 a day (2011 PPP) (% of population),SI.POV.DDAY,Mauritius,MUS,..,..,..,..,..,..,..,..,..,0.6,..,..,..,..,0.2,..,..,..
Poverty headcount ratio at $1.90 a day (2011 PPP) (% of population),SI.POV.DDAY,Mexico,MEX,..,..,6.6,..,6,5.4,..,4.5,..,3.8,..,3.7,..,2.2,..,1.7,..,..
Poverty headcount ratio at $1.90 a day (2011 PPP) (% of population),SI.POV.DDAY,"Micronesia, Fed. Sts.",FSM,..,..,..,..,..,..,..,..,..,..,15.4,..,..,..,..,..,..,..
Poverty headcount ratio at $1.90 a day (2011 PPP) (% of population),SI.POV.DDAY,Moldova,MDA,..,26.9,16.1,7.4,8.4,1.2,1,0.5,0.3,0.3,0.1,0,0,0.2,0.1,0,..,..
Poverty headcount ratio at $1.90 a day (2011 PPP) (% of population),SI.POV.DDAY,Monaco,MCO,..,..,..,..,..,..,..,..,..,..,..,..,..,..,..,..,..,..
Poverty headcount ratio at $1.90 a day (2011 PPP) (% of population),SI.POV.DDAY,Mongolia,MNG,..,..,9.3,..,..,..,..,0.7,0.5,0.4,..,0.2,..,0.5,..,0.5,..,..
Poverty headcount ratio at $1.90 a day (2011 PPP) (% of population),SI.POV.DDAY,Montenegro,MNE,..,..,..,..,..,..,..,..,..,3.4,3.2,1.7,1.4,..,..,..,..,..
Poverty headcount ratio at $1.90 a day (2011 PPP) (% of population),SI.POV.DDAY,Morocco,MAR,2.6,..,..,..,..,..,..,..,..,..,0.9,..,..,..,..,..,..,..
Poverty headcount ratio at $1.90 a day (2011 PPP) (% of population),SI.POV.DDAY,Mozambique,MOZ,..,..,79.9,..,..,69.7,..,..,..,..,..,63.7,..,..,..,..,..,..
Poverty headcount ratio at $1.90 a day (2011 PPP) (% of population),SI.POV.DDAY,Myanmar,MMR,..,..,..,..,..,..,..,..,..,..,..,..,4.8,..,1.4,..,..,..
Poverty headcount ratio at $1.90 a day (2011 PPP) (% of population),SI.POV.DDAY,Namibia,NAM,..,..,..,32.6,..,..,23.5,..,..,..,..,..,13.8,..,..,..,..,..
Poverty headcount ratio at $1.90 a day (2011 PPP) (% of population),SI.POV.DDAY,Nauru,NRU,..,..,..,..,..,..,..,..,..,..,..,..,..,..,..,..,..,..
Poverty headcount ratio at $1.90 a day (2011 PPP) (% of population),SI.POV.DDAY,Nepal,NPL,..,..,..,49.9,..,..,..,15,..,..,..,..,..,..,..,..,..,..
Poverty headcount ratio at $1.90 a day (2011 PPP) (% of population),SI.POV.DDAY,Netherlands,NLD,1,..,..,..,0.2,0.1,0.1,0,0.1,0.1,0.1,0.1,0.1,0,0.2,..,..,..
Poverty headcount ratio at $1.90 a day (2011 PPP) (% of population),SI.POV.DDAY,New Caledonia,NCL,..,..,..,..,..,..,..,..,..,..,..,..,..,..,..,..,..,..
Poverty headcount ratio at $1.90 a day (2011 PPP) (% of population),SI.POV.DDAY,New Zealand,NZL,..,..,..,..,..,..,..,..,..,..,..,..,..,..,..,..,..,..
Poverty headcount ratio at $1.90 a day (2011 PPP) (% of population),SI.POV.DDAY,Nicaragua,NIC,..,16.9,..,..,..,..,7.4,..,..,..,..,3.4,..,..,..,..,..,..
Poverty headcount ratio at $1.90 a day (2011 PPP) (% of population),SI.POV.DDAY,Niger,NER,..,..,..,..,..,..,..,..,50.6,..,..,45.4,..,..,..,..,..,..
Poverty headcount ratio at $1.90 a day (2011 PPP) (% of population),SI.POV.DDAY,Nigeria,NGA,..,..,..,56.3,..,..,56.4,..,..,..,..,..,..,..,..,39.1,..,..
Poverty headcount ratio at $1.90 a day (2011 PPP) (% of population),SI.POV.DDAY,North Macedonia,MKD,..,..,..,..,..,..,9.8,10.4,9.1,6.9,5.2,4.5,5.5,4.3,4.6,..,..,..
Poverty headcount ratio at $1.90 a day (2011 PPP) (% of population),SI.POV.DDAY,Northern Mariana Islands,MNP,..,..,..,..,..,..,..,..,..,..,..,..,..,..,..,..,..,..
Poverty headcount ratio at $1.90 a day (2011 PPP) (% of population),SI.POV.DDAY,Norway,NOR,..,..,..,0.2,0.3,0.2,0.1,0.2,0.1,0.1,0.1,0.1,0.1,0.3,0.3,..,..,..
Poverty headcount ratio at $1.90 a day (2011 PPP) (% of population),SI.POV.DDAY,Oman,OMN,..,..,..,..,..,..,..,..,..,..,..,..,..,..,..,..,..,..
Poverty headcount ratio at $1.90 a day (2011 PPP) (% of population),SI.POV.DDAY,Pakistan,PAK,59.1,28.9,..,..,18.2,..,..,8.3,8,..,6.2,..,4,..,..,..,..,..
Poverty headcount ratio at $1.90 a day (2011 PPP) (% of population),SI.POV.DDAY,Palau,PLW,..,..,..,..,..,..,..,..,..,..,..,..,..,..,..,..,..,..
Poverty headcount ratio at $1.90 a day (2011 PPP) (% of population),SI.POV.DDAY,Panama,PAN,..,15.5,11.2,11.1,10.1,5.2,3.2,4.5,3,4.1,2.8,3.5,2,2.2,2.5,1.7,..,..
Poverty headcount ratio at $1.90 a day (2011 PPP) (% of population),SI.POV.DDAY,Papua New Guinea,PNG,..,..,..,..,..,..,38,..,..,..,..,..,..,..,..,..,..,..
Poverty headcount ratio at $1.90 a day (2011 PPP) (% of population),SI.POV.DDAY,Paraguay,PRY,1,8.6,12.8,7.8,5.4,3.9,5.4,5.2,4.6,3.2,1.7,2.2,1.7,1.5,1,1.4,..,..
Poverty headcount ratio at $1.90 a day (2011 PPP) (% of population),SI.POV.DDAY,Peru,PER,..,17.4,15.2,12,13.6,9.1,7.1,5.5,5.2,4.8,4.4,3.7,3.6,3.5,3.4,2.7,..,..
Poverty headcount ratio at $1.90 a day (2011 PPP) (% of population),SI.POV.DDAY,Philippines,PHL,..,..,..,13,..,..,10.7,..,..,10.4,..,..,6,..,..,..,..,..
Poverty headcount ratio at $1.90 a day (2011 PPP) (% of population),SI.POV.DDAY,Poland,POL,..,..,..,..,2.1,0.2,0.3,0.3,0.3,0.2,0.4,0.3,0.4,0.2,0.3,..,..,..
Poverty headcount ratio at $1.90 a day (2011 PPP) (% of population),SI.POV.DDAY,Portugal,PRT,..,..,..,0.9,0.5,0.1,0.2,0.1,0.5,0.7,0.8,0.5,0.5,0.4,0.4,..,..,..
Poverty headcount ratio at $1.90 a day (2011 PPP) (% of population),SI.POV.DDAY,Puerto Rico,PRI,..,..,..,..,..,..,..,..,..,..,..,..,..,..,..,..,..,..
Poverty headcount ratio at $1.90 a day (2011 PPP) (% of population),SI.POV.DDAY,Qatar,QAT,..,..,..,..,..,..,..,..,..,..,..,..,..,..,..,..,..,..
Poverty headcount ratio at $1.90 a day (2011 PPP) (% of population),SI.POV.DDAY,Romania,ROU,..,..,..,..,..,3.7,2.8,3.8,4.9,5.6,6,6.5,4.6,2.8,3.1,..,..,..
Poverty headcount ratio at $1.90 a day (2011 PPP) (% of population),SI.POV.DDAY,Russian Federation,RUS,..,1.8,1.1,1.1,1,0.1,0.1,0.1,0,0,0,0,0,0,0,0,..,..
Poverty headcount ratio at $1.90 a day (2011 PPP) (% of population),SI.POV.DDAY,Rwanda,RWA,..,..,..,..,..,..,..,63.2,..,..,57.9,..,..,56.5,..,..,..,..
Poverty headcount ratio at $1.90 a day (2011 PPP) (% of population),SI.POV.DDAY,Samoa,WSM,..,..,2,..,..,0.6,..,..,..,..,1.1,..,..,..,..,..,..,..
Poverty headcount ratio at $1.90 a day (2011 PPP) (% of population),SI.POV.DDAY,San Marino,SMR,..,..,..,..,..,..,..,..,..,..,..,..,..,..,..,..,..,..
Poverty headcount ratio at $1.90 a day (2011 PPP) (% of population),SI.POV.DDAY,Sao Tome and Principe,STP,..,..,..,..,..,..,..,34.6,..,..,..,..,..,..,35.6,..,..,..
Poverty headcount ratio at $1.90 a day (2011 PPP) (% of population),SI.POV.DDAY,Saudi Arabia,SAU,..,..,..,..,..,..,..,..,..,..,..,..,..,..,..,..,..,..
Poverty headcount ratio at $1.90 a day (2011 PPP) (% of population),SI.POV.DDAY,Senegal,SEN,..,49.1,..,..,..,..,..,..,38.5,..,..,..,..,..,..,..,..,..
Poverty headcount ratio at $1.90 a day (2011 PPP) (% of population),SI.POV.DDAY,Serbia,SRB,..,..,..,..,..,..,..,..,..,5.3,5.8,6.9,6.6,6.4,5.4,..,..,..
Poverty headcount ratio at $1.90 a day (2011 PPP) (% of population),SI.POV.DDAY,Seychelles,SYC,..,..,..,..,..,..,..,..,..,..,1.2,..,..,..,..,..,..,..
Poverty headcount ratio at $1.90 a day (2011 PPP) (% of population),SI.POV.DDAY,Sierra Leone,SLE,..,..,..,73,..,..,..,..,54.7,..,..,..,..,..,..,43,..,..
Poverty headcount ratio at $1.90 a day (2011 PPP) (% of population),SI.POV.DDAY,Singapore,SGP,..,..,..,..,..,..,..,..,..,..,..,..,..,..,..,..,..,..
Poverty headcount ratio at $1.90 a day (2011 PPP) (% of population),SI.POV.DDAY,Sint Maarten (Dutch part),SXM,..,..,..,..,..,..,..,..,..,..,..,..,..,..,..,..,..,..
Poverty headcount ratio at $1.90 a day (2011 PPP) (% of population),SI.POV.DDAY,Slovak Republic,SVK,..,..,..,..,0.1,0.4,0.4,0.5,0.4,0.3,0.3,0.6,0.7,1.3,..,..,..,..
Poverty headcount ratio at $1.90 a day (2011 PPP) (% of population),SI.POV.DDAY,Slovenia,SVN,..,..,..,..,0,0,0,0,0,0,0,0,0,0,0,..,..,..
Poverty headcount ratio at $1.90 a day (2011 PPP) (% of population),SI.POV.DDAY,Solomon Islands,SLB,..,..,..,..,..,..,..,..,..,..,25.1,..,..,..,..,..,..,..
Poverty headcount ratio at $1.90 a day (2011 PPP) (% of population),SI.POV.DDAY,Somalia,SOM,..,..,..,..,..,..,..,..,..,..,..,..,..,..,..,..,..,..
Poverty headcount ratio at $1.90 a day (2011 PPP) (% of population),SI.POV.DDAY,South Africa,ZAF,..,..,..,..,..,16.7,..,16.2,..,..,..,18.7,..,..,..,..,..,..
Poverty headcount ratio at $1.90 a day (2011 PPP) (% of population),SI.POV.DDAY,South Sudan,SSD,..,..,..,..,..,..,44.7,..,..,..,..,..,..,..,..,..,..,..
Poverty headcount ratio at $1.90 a day (2011 PPP) (% of population),SI.POV.DDAY,Spain,ESP,0.5,..,..,0.8,0.8,0.5,0.8,0.7,1.1,0.9,1.2,0.8,0.9,1.2,0.7,..,..,..
Poverty headcount ratio at $1.90 a day (2011 PPP) (% of population),SI.POV.DDAY,Sri Lanka,LKA,9.3,..,8.8,..,..,..,2.7,..,..,2.1,..,..,..,0.9,..,..,..,..
Poverty headcount ratio at $1.90 a day (2011 PPP) (% of population),SI.POV.DDAY,St. Kitts and Nevis,KNA,..,..,..,..,..,..,..,..,..,..,..,..,..,..,..,..,..,..
Poverty headcount ratio at $1.90 a day (2011 PPP) (% of population),SI.POV.DDAY,St. Lucia,LCA,..,..,..,..,..,..,..,..,..,..,..,..,..,4.6,..,..,..,..
Poverty headcount ratio at $1.90 a day (2011 PPP) (% of population),SI.POV.DDAY,St. Martin (French part),MAF,..,..,..,..,..,..,..,..,..,..,..,..,..,..,..,..,..,..
Poverty headcount ratio at $1.90 a day (2011 PPP) (% of population),SI.POV.DDAY,St. Vincent and the Grenadines,VCT,..,..,..,..,..,..,..,..,..,..,..,..,..,..,..,..,..,..
Poverty headcount ratio at $1.90 a day (2011 PPP) (% of population),SI.POV.DDAY,Sudan,SDN,..,..,..,..,..,..,15.7,..,..,..,..,12.2,..,..,..,..,..,..
Poverty headcount ratio at $1.90 a day (2011 PPP) (% of population),SI.POV.DDAY,Suriname,SUR,..,..,..,..,..,..,..,..,..,..,..,..,..,..,..,..,..,..
Poverty headcount ratio at $1.90 a day (2011 PPP) (% of population),SI.POV.DDAY,Sweden,SWE,..,..,..,0.3,0.4,0.6,0.4,0.5,0.5,0.5,0.6,0.5,0.4,0.3,0.2,..,..,..
Poverty headcount ratio at $1.90 a day (2011 PPP) (% of population),SI.POV.DDAY,Switzerland,CHE,..,..,0,..,..,0.1,0,0,0,0,0,0,0,0,0,..,..,..
Poverty headcount ratio at $1.90 a day (2011 PPP) (% of population),SI.POV.DDAY,Syrian Arab Republic,SYR,..,..,..,..,1.7,..,..,..,..,..,..,..,..,..,..,..,..,..
Poverty headcount ratio at $1.90 a day (2011 PPP) (% of population),SI.POV.DDAY,Tajikistan,TJK,..,..,..,27,13.3,..,4,..,..,..,..,..,4.1,..,..,..,..,..
Poverty headcount ratio at $1.90 a day (2011 PPP) (% of population),SI.POV.DDAY,Tanzania,TZA,..,..,..,..,..,..,..,..,49.6,..,..,..,..,..,49.4,..,..,..
Poverty headcount ratio at $1.90 a day (2011 PPP) (% of population),SI.POV.DDAY,Thailand,THA,9.2,..,1.1,..,0.7,0.1,0.2,0.1,0,0.1,0,0,0,0,0,0,..,..
Poverty headcount ratio at $1.90 a day (2011 PPP) (% of population),SI.POV.DDAY,Timor-Leste,TLS,..,38.5,..,..,..,..,..,..,..,..,..,22,..,..,..,..,..,..
Poverty headcount ratio at $1.90 a day (2011 PPP) (% of population),SI.POV.DDAY,Togo,TGO,..,..,..,..,..,..,..,..,55,..,..,..,51.1,..,..,..,..,..
Poverty headcount ratio at $1.90 a day (2011 PPP) (% of population),SI.POV.DDAY,Tonga,TON,..,2.8,..,..,..,..,1.1,..,..,..,..,..,1,..,..,..,..,..
Poverty headcount ratio at $1.90 a day (2011 PPP) (% of population),SI.POV.DDAY,Trinidad and Tobago,TTO,..,..,..,..,..,..,..,..,..,..,..,..,..,..,..,..,..,..
Poverty headcount ratio at $1.90 a day (2011 PPP) (% of population),SI.POV.DDAY,Tunisia,TUN,10.7,..,..,..,..,..,..,2,..,..,..,..,0.2,..,..,..,..,..
Poverty headcount ratio at $1.90 a day (2011 PPP) (% of population),SI.POV.DDAY,Turkey,TUR,..,..,2.1,3.9,2,0.6,0.7,0.8,0.1,0.1,0.3,0.2,0.2,0.2,0.1,0,..,..
Poverty headcount ratio at $1.90 a day (2011 PPP) (% of population),SI.POV.DDAY,Turkmenistan,TKM,..,..,..,..,..,..,..,..,..,..,..,..,..,..,..,..,..,..
Poverty headcount ratio at $1.90 a day (2011 PPP) (% of population),SI.POV.DDAY,Turks and Caicos Islands,TCA,..,..,..,..,..,..,..,..,..,..,..,..,..,..,..,..,..,..
Poverty headcount ratio at $1.90 a day (2011 PPP) (% of population),SI.POV.DDAY,Tuvalu,TUV,..,..,..,..,..,..,..,3.3,..,..,..,..,..,..,..,..,..,..
Poverty headcount ratio at $1.90 a day (2011 PPP) (% of population),SI.POV.DDAY,Uganda,UGA,..,..,64.9,..,..,..,44.5,..,..,35.7,..,..,..,41.5,..,..,..,..
Poverty headcount ratio at $1.90 a day (2011 PPP) (% of population),SI.POV.DDAY,Ukraine,UKR,..,..,1.5,0.6,0.5,0,0.1,0,0,0,0,0,0,0,0,0,..,..
Poverty headcount ratio at $1.90 a day (2011 PPP) (% of population),SI.POV.DDAY,United Arab Emirates,ARE,..,..,..,..,..,..,..,..,..,..,..,0,..,..,..,..,..,..
Poverty headcount ratio at $1.90 a day (2011 PPP) (% of population),SI.POV.DDAY,United Kingdom,GBR,..,..,..,..,0.4,0.3,0.2,0.1,0.4,0.2,0.2,0.2,0.1,0.2,..,..,..,..
Poverty headcount ratio at $1.90 a day (2011 PPP) (% of population),SI.POV.DDAY,United States,USA,..,..,..,..,1,..,..,1,..,..,1,..,..,1,..,..,..,..
Poverty headcount ratio at $1.90 a day (2011 PPP) (% of population),SI.POV.DDAY,Uruguay,URY,..,0.4,0.5,0.7,0.8,0.2,0.2,0.2,0.1,0.2,0.2,0.1,0.1,0.1,0.1,0.1,..,..
Poverty headcount ratio at $1.90 a day (2011 PPP) (% of population),SI.POV.DDAY,Uzbekistan,UZB,..,..,57.5,61.6,..,..,..,..,..,..,..,..,..,..,..,..,..,..
Poverty headcount ratio at $1.90 a day (2011 PPP) (% of population),SI.POV.DDAY,Vanuatu,VUT,..,..,..,..,..,..,..,13.2,..,..,..,..,..,..,..,..,..,..
Poverty headcount ratio at $1.90 a day (2011 PPP) (% of population),SI.POV.DDAY,"Venezuela, RB",VEN,..,11,18.3,22.8,19.8,..,..,..,..,..,..,..,..,..,..,..,..,..
Poverty headcount ratio at $1.90 a day (2011 PPP) (% of population),SI.POV.DDAY,Vietnam,VNM,..,..,37.1,..,25.8,14.1,..,4,..,2.7,..,2.6,..,1.9,..,1.9,..,..
Poverty headcount ratio at $1.90 a day (2011 PPP) (% of population),SI.POV.DDAY,Virgin Islands (U.S.),VIR,..,..,..,..,..,..,..,..,..,..,..,..,..,..,..,..,..,..
Poverty headcount ratio at $1.90 a day (2011 PPP) (% of population),SI.POV.DDAY,West Bank and Gaza,PSE,..,..,..,..,0.8,..,0.3,0.2,0.2,..,..,..,..,0.8,..,..,..,..
Poverty headcount ratio at $1.90 a day (2011 PPP) (% of population),SI.POV.DDAY,"Yemen, Rep.",YEM,..,..,..,..,..,..,..,..,..,..,..,18.3,..,..,..,..,..,..
Poverty headcount ratio at $1.90 a day (2011 PPP) (% of population),SI.POV.DDAY,Zambia,ZMB,..,..,52.1,..,58.4,..,..,65.8,..,..,..,..,58.7,..,..,..,..,..
Poverty headcount ratio at $1.90 a day (2011 PPP) (% of population),SI.POV.DDAY,Zimbabwe,ZWE,..,..,..,..,..,..,..,..,21.4,..,..,..,..,..,33.9,..,..,..
Poverty headcount ratio at $1.90 a day (2011 PPP) (% of population),SI.POV.DDAY,Arab World,ARB,..,..,..,..,..,..,..,..,..,..,..,..,..,..,..,..,..,..
Poverty headcount ratio at $1.90 a day (2011 PPP) (% of population),SI.POV.DDAY,Caribbean small states,CSS,..,..,..,..,..,..,..,..,..,..,..,..,..,..,..,..,..,..
Poverty headcount ratio at $1.90 a day (2011 PPP) (% of population),SI.POV.DDAY,Central Europe and the Baltics,CEB,..,..,..,..,..,..,..,..,..,..,..,..,..,..,..,..,..,..
Poverty headcount ratio at $1.90 a day (2011 PPP) (% of population),SI.POV.DDAY,Early-demographic dividend,EAR,..,..,..,..,..,..,..,..,..,..,..,..,..,..,..,..,..,..
Poverty headcount ratio at $1.90 a day (2011 PPP) (% of population),SI.POV.DDAY,East Asia & Pacific,EAS,60.9,32.7,29.1,25.8,22.4,14.8,12.9,10.7,8.1,6.8,3.2,2.6,2.1,1.7,1.4,1.2,..,..
Poverty headcount ratio at $1.90 a day (2011 PPP) (% of population),SI.POV.DDAY,East Asia & Pacific (excluding high income),EAP,..,..,..,..,..,..,..,..,..,..,..,..,..,..,..,..,..,..
Poverty headcount ratio at $1.90 a day (2011 PPP) (% of population),SI.POV.DDAY,East Asia & Pacific (IDA & IBRD countries),TEA,..,..,..,..,..,..,..,..,..,..,..,..,..,..,..,..,..,..
Poverty headcount ratio at $1.90 a day (2011 PPP) (% of population),SI.POV.DDAY,Euro area,EMU,..,..,..,..,..,..,..,..,..,..,..,..,..,..,..,..,..,..
Poverty headcount ratio at $1.90 a day (2011 PPP) (% of population),SI.POV.DDAY,Europe & Central Asia,ECS,3.1,6.6,5.7,5.8,4.8,2.7,2.5,2.4,2,1.9,1.6,1.8,1.5,1.3,1.3,1.1,..,..
Poverty headcount ratio at $1.90 a day (2011 PPP) (% of population),SI.POV.DDAY,Europe & Central Asia (excluding high income),ECA,..,..,..,..,..,..,..,..,..,..,..,..,..,..,..,..,..,..
Poverty headcount ratio at $1.90 a day (2011 PPP) (% of population),SI.POV.DDAY,Europe & Central Asia (IDA & IBRD countries),TEC,..,..,..,..,..,..,..,..,..,..,..,..,..,..,..,..,..,..
Poverty headcount ratio at $1.90 a day (2011 PPP) (% of population),SI.POV.DDAY,European Union,EUU,..,..,..,..,..,..,..,..,..,..,..,..,..,..,..,..,..,..
Poverty headcount ratio at $1.90 a day (2011 PPP) (% of population),SI.POV.DDAY,Fragile and conflict affected situations,FCS,..,52.5,50.6,49.8,47.4,42.6,42,40.1,38,36,35.7,34.4,..,36.8,37.1,..,..,..
Poverty headcount ratio at $1.90 a day (2011 PPP) (% of population),SI.POV.DDAY,Heavily indebted poor countries (HIPC),HPC,..,..,..,..,..,..,..,..,..,..,..,..,..,..,..,..,..,..
Poverty headcount ratio at $1.90 a day (2011 PPP) (% of population),SI.POV.DDAY,High income,HIC,0.6,0.6,0.6,0.6,0.6,0.5,0.5,0.5,0.5,0.6,0.6,0.7,0.7,0.6,0.6,0.6,..,..
Poverty headcount ratio at $1.90 a day (2011 PPP) (% of population),SI.POV.DDAY,IBRD only,IBD,..,..,..,..,..,..,..,..,..,..,..,..,..,..,..,..,..,..
Poverty headcount ratio at $1.90 a day (2011 PPP) (% of population),SI.POV.DDAY,IDA & IBRD total,IBT,..,..,..,..,..,..,..,..,..,..,..,..,..,..,..,..,..,..
Poverty headcount ratio at $1.90 a day (2011 PPP) (% of population),SI.POV.DDAY,IDA blend,IDB,..,..,..,..,..,..,..,..,..,..,..,..,..,..,..,..,..,..
Poverty headcount ratio at $1.90 a day (2011 PPP) (% of population),SI.POV.DDAY,IDA only,IDX,..,..,..,..,..,..,..,..,..,..,..,..,..,..,..,..,..,..
Poverty headcount ratio at $1.90 a day (2011 PPP) (% of population),SI.POV.DDAY,IDA total,IDA,54.8,49.7,49,48.5,45.1,38.1,37.4,35.8,34,32.4,31.9,30.8,30.7,30.6,29.8,28.8,..,..
Poverty headcount ratio at $1.90 a day (2011 PPP) (% of population),SI.POV.DDAY,Late-demographic dividend,LTE,..,..,..,..,..,..,..,..,..,..,..,..,..,..,..,..,..,..
Poverty headcount ratio at $1.90 a day (2011 PPP) (% of population),SI.POV.DDAY,Latin America & Caribbean,LCN,15.2,12.6,12.1,11.6,10.4,7,6.7,6.2,5.7,4.7,4.3,4.1,3.8,3.9,3.9,3.8,..,..
Poverty headcount ratio at $1.90 a day (2011 PPP) (% of population),SI.POV.DDAY,Latin America & Caribbean (excluding high income),LAC,..,..,..,..,..,..,..,..,..,..,..,..,..,..,..,..,..,..
Poverty headcount ratio at $1.90 a day (2011 PPP) (% of population),SI.POV.DDAY,Latin America & the Caribbean (IDA & IBRD countries),TLA,..,..,..,..,..,..,..,..,..,..,..,..,..,..,..,..,..,..
Poverty headcount ratio at $1.90 a day (2011 PPP) (% of population),SI.POV.DDAY,Least developed countries: UN classification,LDC,..,..,..,..,..,..,..,..,..,..,..,..,..,..,..,..,..,..
Poverty headcount ratio at $1.90 a day (2011 PPP) (% of population),SI.POV.DDAY,Low & middle income,LMY,44.8,32.6,31.1,29.8,27.6,22.1,21.2,19.2,16.5,15.3,13.5,12.7,12,11.5,10.9,..,..,..
Poverty headcount ratio at $1.90 a day (2011 PPP) (% of population),SI.POV.DDAY,Low income,LIC,..,59.7,59.8,60.5,56.1,50.1,49.8,48.5,47.2,45.6,44.9,44.5,45.3,45.8,45.5,..,..,..
Poverty headcount ratio at $1.90 a day (2011 PPP) (% of population),SI.POV.DDAY,Lower middle income,LMC,44.4,..,37.6,36.6,35,29,28.1,25.1,21.4,19.9,18.5,16.9,..,..,..,..,..,..
Poverty headcount ratio at $1.90 a day (2011 PPP) (% of population),SI.POV.DDAY,Middle East & North Africa,MEA,6.6,3.4,3.4,4.4,3.5,2.8,2.5,2.1,2.3,2.3,2.3,2.7,3.8,5.1,6.3,7.2,..,..
Poverty headcount ratio at $1.90 a day (2011 PPP) (% of population),SI.POV.DDAY,Middle East & North Africa (excluding high income),MNA,..,..,..,..,..,..,..,..,..,..,..,..,..,..,..,..,..,..
Poverty headcount ratio at $1.90 a day (2011 PPP) (% of population),SI.POV.DDAY,Middle East & North Africa (IDA & IBRD countries),TMN,..,..,..,..,..,..,..,..,..,..,..,..,..,..,..,..,..,..
Poverty headcount ratio at $1.90 a day (2011 PPP) (% of population),SI.POV.DDAY,Middle income,MIC,..,..,..,..,..,..,..,..,..,..,..,..,..,..,..,..,..,..
Poverty headcount ratio at $1.90 a day (2011 PPP) (% of population),SI.POV.DDAY,North America,NAC,..,..,..,..,..,..,..,..,..,..,..,..,..,..,..,..,..,..
Poverty headcount ratio at $1.90 a day (2011 PPP) (% of population),SI.POV.DDAY,Not classified,INX,..,..,..,..,..,..,..,..,..,..,..,..,..,..,..,..,..,..
Poverty headcount ratio at $1.90 a day (2011 PPP) (% of population),SI.POV.DDAY,OECD members,OED,..,..,..,..,..,..,..,..,..,..,..,..,..,..,..,..,..,..
Poverty headcount ratio at $1.90 a day (2011 PPP) (% of population),SI.POV.DDAY,Other small states,OSS,..,..,..,..,..,..,..,..,..,..,..,..,..,..,..,..,..,..
Poverty headcount ratio at $1.90 a day (2011 PPP) (% of population),SI.POV.DDAY,Pacific island small states,PSS,..,..,..,..,..,..,..,..,..,..,..,..,..,..,..,..,..,..
Poverty headcount ratio at $1.90 a day (2011 PPP) (% of population),SI.POV.DDAY,Post-demographic dividend,PST,..,..,..,..,..,..,..,..,..,..,..,..,..,..,..,..,..,..
Poverty headcount ratio at $1.90 a day (2011 PPP) (% of population),SI.POV.DDAY,Pre-demographic dividend,PRE,..,..,..,..,..,..,..,..,..,..,..,..,..,..,..,..,..,..
Poverty headcount ratio at $1.90 a day (2011 PPP) (% of population),SI.POV.DDAY,Small states,SST,..,..,..,..,..,..,..,..,..,..,..,..,..,..,..,..,..,..
Poverty headcount ratio at $1.90 a day (2011 PPP) (% of population),SI.POV.DDAY,South Asia,SAS,48.7,..,39.8,38.9,37.4,30.6,29.5,25.9,20.9,19.2,17.1,15.2,..,..,..,..,..,..
Poverty headcount ratio at $1.90 a day (2011 PPP) (% of population),SI.POV.DDAY,South Asia (IDA & IBRD),TSA,..,..,..,..,..,..,..,..,..,..,..,..,..,..,..,..,..,..
Poverty headcount ratio at $1.90 a day (2011 PPP) (% of population),SI.POV.DDAY,Sub-Saharan Africa,SSF,55.7,57.5,56.4,56.4,53.5,49,48.9,47.5,45.3,43.7,43.2,42.1,41.8,41.7,41,40.2,..,..
Poverty headcount ratio at $1.90 a day (2011 PPP) (% of population),SI.POV.DDAY,Sub-Saharan Africa (excluding high income),SSA,..,..,..,..,..,..,..,..,..,..,..,..,..,..,..,..,..,..
Poverty headcount ratio at $1.90 a day (2011 PPP) (% of population),SI.POV.DDAY,Sub-Saharan Africa (IDA & IBRD countries),TSS,..,..,..,..,..,..,..,..,..,..,..,..,..,..,..,..,..,..
Poverty headcount ratio at $1.90 a day (2011 PPP) (% of population),SI.POV.DDAY,Upper middle income,UMC,43.2,23.9,21.1,19.1,16.5,10.9,9.7,8.4,6.4,5.4,2.8,2.4,2,1.9,1.7,1.6,..,..
Poverty headcount ratio at $1.90 a day (2011 PPP) (% of population),SI.POV.DDAY,World,WLD,36.2,26.9,25.7,24.7,22.9,18.4,17.6,16,13.8,12.9,11.3,10.7,10.1,9.7,9.2,..,..,..
,,,,,,,,,,,,,,,,,,,,,
,,,,,,,,,,,,,,,,,,,,,
,,,,,,,,,,,,,,,,,,,,,
Data from database: World Development Indicators,,,,,,,,,,,,,,,,,,,,,
Last Updated: 10/15/2020,,,,,,,,,,,,,,,,,,,,,
